Saved Date,Job Url,Job Title,Company Name
"3/14/23, 10:36 AM",http://www.linkedin.com/jobs/view/3522621849,Senior Manager Network Engineering & Implementation,CBTS
"1/18/23, 9:57 AM",http://www.linkedin.com/jobs/view/3424465557,"Senior Manager, OCI Corporate Network (JoinOCI-Leader)",Oracle
"3/22/23, 6:13 AM",http://www.linkedin.com/jobs/view/3533799442,Senior Network Engineer,Akkodis
"11/26/22, 9:34 AM",http://www.linkedin.com/jobs/view/3264549446,IT Network Engineering Manager,Guidehouse
"11/21/22, 11:25 AM",http://www.linkedin.com/jobs/view/3363290775,"Sr Director, Infrastructure (Remote / Salaried / Fintech)",TopShelf Talent Group
"1/11/23, 12:48 PM",http://www.linkedin.com/jobs/view/3429956900,Network Operations Center Manager - REMOTE ,"Pacific Placement Group, LLC."
"11/15/22, 8:43 AM",http://www.linkedin.com/jobs/view/3354230774,Senior Data Center Manager - Remote,"ICS, A Korn Ferry company"
"4/9/23, 7:33 PM",http://www.linkedin.com/jobs/view/3551192962,Network Cloud Manager,"Pinnacle Group, Inc."
"12/22/22, 7:49 AM",http://www.linkedin.com/jobs/view/3404072964,IT Infrastructure Project Manager (100% remote),Optomi
"11/28/22, 7:38 PM",http://www.linkedin.com/jobs/view/3379260783,Technology Department Leader- Branch Network,Edward Jones
"11/13/22, 7:21 PM",http://www.linkedin.com/jobs/view/3349149584,Network Project Manager,"Infomatics, Inc"
"3/21/23, 6:49 PM",http://www.linkedin.com/jobs/view/3531071161,IT Project Manager,"IDR, Inc."
"1/1/23, 5:46 AM",http://www.linkedin.com/jobs/view/3402081281,Network  Manager,K2 Services
"11/28/22, 10:46 AM",http://www.linkedin.com/jobs/view/3371384731,Manager Network Engineering,Insight Global
"1/11/23, 12:53 PM",http://www.linkedin.com/jobs/view/3429243790,Manager Infra Network Services,Retail Business Services
"11/16/22, 6:53 AM",http://www.linkedin.com/jobs/view/3356647169,Infrastructure and Operations Manager,"LCG, Inc."
"3/3/23, 5:12 AM",http://www.linkedin.com/jobs/view/3508966711,"Manager, Infrastructure",Lindsay Corporation
"11/22/22, 1:34 AM",http://www.linkedin.com/jobs/view/3365631608,Network Operations Manager,The Bison Group
"1/30/23, 12:00 PM",http://www.linkedin.com/jobs/view/3456372969,Senior Manager Technical Services & Operations - REMOTE,"Ryder System, Inc."
"2/1/23, 8:55 AM",http://www.linkedin.com/jobs/view/3442773256,Director of Technology Network Engineering and Mainframe,Lucas Group
"3/17/23, 12:09 PM",http://www.linkedin.com/jobs/view/3522662585,"Senior Manager, IT",UPMC
"3/29/23, 2:51 PM",http://www.linkedin.com/jobs/view/3492984728,"Manager, IT",Upside
"3/24/23, 10:28 AM",http://www.linkedin.com/jobs/view/3515965140,IT Network Manager,Qodoro
"1/12/23, 7:25 AM",http://www.linkedin.com/jobs/view/3429566438,"Manager, IT Service Management (ITSM)",ZOLL Medical Corporation
"4/4/23, 12:37 PM",http://www.linkedin.com/jobs/view/3549647322,"Associate Director, IT Infrastructure (Hybrid or Remote)",Atara Biotherapeutics
"2/4/23, 9:34 PM",http://www.linkedin.com/jobs/view/3429241949,Manager Infra Network Services,Retail Business Services
"3/24/23, 7:49 AM",http://www.linkedin.com/jobs/view/3534493983,"Director, Information Technology",MANTECH
"12/30/22, 11:20 AM",http://www.linkedin.com/jobs/view/3396236801,"Senior Manager, IT","CIRCOR International, Inc."
"4/4/23, 8:13 AM",http://www.linkedin.com/jobs/view/3544845615,Manager - IT Networks,"CRST The Transportation Solution, Inc."
"3/20/23, 8:14 PM",http://www.linkedin.com/jobs/view/3536416472,"Director, IS Contact Center Solutions and Telecom Operations - Remote",Tenet Healthcare
"2/7/23, 4:58 PM",http://www.linkedin.com/jobs/view/3467068761,Information Technology Governance Manager,Resolve Tech Solutions
"1/20/23, 5:18 PM",http://www.linkedin.com/jobs/view/3447603112,Director Network Asset Planning,Werner Enterprises
"12/9/22, 7:40 PM",http://www.linkedin.com/jobs/view/3388866106,Manager Information Technology - Central Action Center,Creighton University
"12/10/22, 1:09 PM",http://www.linkedin.com/jobs/view/3377185596,"Director, Network Management and Modeling",Google
"12/25/22, 6:56 PM",http://www.linkedin.com/jobs/view/3324926049,"Sr. Manager, Infrastructure and Operations (Server Support)",NASCO
"3/13/23, 5:50 AM",http://www.linkedin.com/jobs/view/3493941592,IT Manager,SHEIN Technology LLC
"11/17/22, 6:11 PM",http://www.linkedin.com/jobs/view/3364548634,Information Technology Project Manager,Centers for Disease Control and Prevention
"10/18/24, 6:33 AM",http://www.linkedin.com/jobs/view/4052116358,Manager Network Engineering - 82380,Swoon
"11/23/22, 6:22 PM",http://www.linkedin.com/jobs/view/3368317998,"Associate Director, Multi-Cloud Network Architecture- Remote",Humana
"10/18/24, 10:17 PM",http://www.linkedin.com/jobs/view/4053510721,Senior Manager Network Engineering,Terumo Blood and Cell Technologies
"11/19/22, 10:33 PM",http://www.linkedin.com/jobs/view/3356647469,Network Operations Center Manager - REMOTE ,"Pacific Placement Group, LLC."
"3/13/23, 5:43 AM",http://www.linkedin.com/jobs/view/3457086495,Manager Infra Network Services,Retail Business Services
"1/6/23, 7:56 PM",http://www.linkedin.com/jobs/view/3420938314,"Manager, Global IT Infrastructure DR-BCP (Remote / Flexible)",Insulet Corporation
"1/11/23, 3:30 PM",http://www.linkedin.com/jobs/view/3435442031,Project Manager - Broadband Network Infrastructure,Sand Cherry
"4/3/23, 7:31 AM",http://www.linkedin.com/jobs/view/3497990943,"Sr. Manager, ITSM",OpenX
"11/24/22, 7:55 AM",http://www.linkedin.com/jobs/view/3374284722,Manager IT Networking,"Advanced Drainage Systems, Inc."
"11/19/22, 8:31 PM",http://www.linkedin.com/jobs/view/3361608642,Technology Project Manager (REMOTE OPPORTUNITY),Regions Bank
"2/1/23, 8:58 AM",http://www.linkedin.com/jobs/view/3433286534,IT Networks Service Manager,Safelite
"4/3/23, 7:44 AM",http://www.linkedin.com/jobs/view/3555366069,"Manager, Core Services – Data Center",TravelCenters of America
"11/23/22, 6:42 PM",http://www.linkedin.com/jobs/view/3362717675,Director of Network Engineering,Equifax
"4/11/23, 7:56 PM",http://www.linkedin.com/jobs/view/3566078062,Network Operations Manager,ABM Industries
"3/30/23, 12:46 PM",http://www.linkedin.com/jobs/view/3545858324,,
"3/30/23, 8:45 PM",http://www.linkedin.com/jobs/view/3550408230,Sr Director Infrastructure Technology & Operations - Remote,Harbor Freight Tools
"2/17/23, 4:16 PM",http://www.linkedin.com/jobs/view/3487592264,"Manager, Network Engineering",Gigstreem
"8/30/24, 4:46 PM",http://www.linkedin.com/jobs/view/4012440395,Director of Network Services,Teladoc Health
"3/30/23, 8:53 PM",http://www.linkedin.com/jobs/view/3541671157,"Senior Director, Enterprise IT",G-P
"3/30/23, 12:40 PM",http://www.linkedin.com/jobs/view/3534430724,Infrastructure Manager,Robert Half
"2/2/23, 8:42 AM",http://www.linkedin.com/jobs/view/3438564093,Director of Technology (Network Engineering),Lucas Group
"1/21/23, 1:03 PM",http://www.linkedin.com/jobs/view/3404170300,"Senior Manager, Global Network Engineering",Carrier
"3/20/23, 10:55 AM",http://www.linkedin.com/jobs/view/3536282983,"Director, Network Operations Center",Tilson
"3/17/23, 4:15 AM",http://www.linkedin.com/jobs/view/3524249822,Manager Network Engineering,Theery
"3/8/26, 6:41 PM",http://www.linkedin.com/jobs/view/4376058876,"Technical Program Manager III, Networking, Google Cloud",Google
"11/14/22, 6:02 PM",http://www.linkedin.com/jobs/view/3360636587,Networking Project Manager,MethodHub
"3/24/23, 10:25 AM",http://www.linkedin.com/jobs/view/3485548120,Network Operations Director,EVCS
"3/13/23, 5:44 AM",http://www.linkedin.com/jobs/view/3503809917,Manager Network Services - Remote,UnitedHealthcare
"3/29/23, 2:50 PM",http://www.linkedin.com/jobs/view/3541970349,Sr. Manager Infrastructure-Cloud Ops,UNFI
"3/1/23, 6:37 AM",http://www.linkedin.com/jobs/view/3498334635,"Senior Manager, Network Engineer",CVS Health
"3/7/26, 5:50 AM",http://www.linkedin.com/jobs/view/4381693769,Director of Network Services,Creighton University
"11/18/22, 5:23 AM",http://www.linkedin.com/jobs/view/3346594735,Infrastructure Project Manager,Brooksource
"12/22/22, 6:48 AM",http://www.linkedin.com/jobs/view/3404005138,"Manager, Information Technology -- Remote",Centene Corporation
"1/6/23, 7:52 PM",http://www.linkedin.com/jobs/view/3419047697,"Senior Manager, Infrastructure and Operations",NASCO
"3/21/23, 6:51 PM",http://www.linkedin.com/jobs/view/3537614760,Project Manager,"Cyclotron, Inc."
"3/31/23, 4:09 PM",http://www.linkedin.com/jobs/view/3551246777,IT Control Manager ,SMBC MANUBANK
"11/30/22, 10:04 AM",http://www.linkedin.com/jobs/view/3377179952,Manager Network Engineering,VySystems
"3/27/23, 4:42 AM",http://www.linkedin.com/jobs/view/3491300639,"Manager, IT Project Management",Creighton University
"2/8/23, 11:39 AM",http://www.linkedin.com/jobs/view/3457204548,Manager- Network Cloud and Automation,Concero
"1/12/23, 7:18 AM",http://www.linkedin.com/jobs/view/3429244781,Manager Infra Network Services,Retail Business Services
"6/15/23, 10:13 AM",http://www.linkedin.com/jobs/view/3628573138,Manager Network Support,WoodmenLife
"12/15/22, 3:17 PM",http://www.linkedin.com/jobs/view/3393645268,Network Operations Center Manager- Retail,O'Reilly Auto Parts
"11/23/22, 11:28 PM",http://www.linkedin.com/jobs/view/3359687838,Global Network Operations Manager,IBM
"9/25/24, 1:37 PM",http://www.linkedin.com/jobs/view/4032939127,"Director, Network & Voice Services",Performance Foodservice
"1/6/23, 7:57 PM",http://www.linkedin.com/jobs/view/3403827073,Infrastructure Operations Senior Team Manager,Charles Schwab
"4/8/23, 5:06 PM",http://www.linkedin.com/jobs/view/3561561180,IT Manager - Network and Cloud Automation,Adaptive Solutions Group
"12/13/22, 10:11 AM",http://www.linkedin.com/jobs/view/3387659183,Datacenter Engineering Principal Design Manager,Microsoft
"1/12/23, 7:30 AM",http://www.linkedin.com/jobs/view/3407552542,Director Technology Architecture,BECU
"12/25/22, 7:05 PM",http://www.linkedin.com/jobs/view/3401533514,"Sr. Manager, Cloud Infrastructure and End User Services (EUS) - Remote",BD
"1/12/23, 7:33 AM",http://www.linkedin.com/jobs/view/3429242783,Manager Infra End User Services,Retail Business Services
"3/22/23, 4:53 AM",http://www.linkedin.com/jobs/view/3476619402,"Director, Network Architect Principal",Quest Diagnostics
"3/16/23, 12:55 PM",http://www.linkedin.com/jobs/view/3527694584,,
"3/4/23, 6:03 AM",http://www.linkedin.com/jobs/view/3508763221,"Manager, Infrastructure Management (US Remote)",Motorola Solutions
"2/17/23, 5:37 AM",http://www.linkedin.com/jobs/view/3424452737,(Remote) Network Infrastructure Lifecycle Management Lead,PenFed Credit Union
"1/31/23, 4:14 PM",http://www.linkedin.com/jobs/view/3460066409,Information Technology Manager,Dice
"1/24/23, 8:56 AM",http://www.linkedin.com/jobs/view/3449979913,Director Enterprise Networking and Communication Services,Penn State University
"4/9/23, 7:33 PM",http://www.linkedin.com/jobs/view/3558665184,"Sr Manager, Managed Network Services Operations",Fujitsu Network Communications
"12/8/22, 11:50 AM",http://www.linkedin.com/jobs/view/3389105795,IT Manager (Remote),Florida Blue
"11/20/22, 10:34 AM",http://www.linkedin.com/jobs/view/3360785106,"Senior Manager, Network & Telephony Engineering (Remote)",Collins Aerospace
"11/15/22, 8:36 AM",http://www.linkedin.com/jobs/view/3353610874,Network Operations Manager,Staffing Technologies
"2/13/23, 7:57 AM",http://www.linkedin.com/jobs/view/3481370490,"Director of Information Technology - Omaha, NE",Farmers National Company
"4/3/23, 7:43 AM",http://www.linkedin.com/jobs/view/3552249656,Director Technology and Innovation,PosiGen
"11/29/22, 7:08 AM",http://www.linkedin.com/jobs/view/3372347888,Network delivery manager,Datamatics
"2/25/23, 11:15 PM",http://www.linkedin.com/jobs/view/3460650427,Network Manager,Panasonic North America
"1/16/23, 6:05 PM",http://www.linkedin.com/jobs/view/3433060615,Director of Network Automation and Reliability Engineering,NBCUniversal
"12/9/22, 7:37 PM",http://www.linkedin.com/jobs/view/3379866769,Remote Network Operations Center Manager,O'Reilly Auto Parts
"1/19/23, 4:06 PM",http://www.linkedin.com/jobs/view/3445126928,Senior IT Manager,Peraton
"12/10/22, 1:11 PM",http://www.linkedin.com/jobs/view/3388905005,"Manager, Network Tools",MAPSYS Inc.
"12/28/22, 11:17 AM",http://www.linkedin.com/jobs/view/3413673601,IT Service Manager,Progressive Insurance
"4/9/23, 7:34 PM",http://www.linkedin.com/jobs/view/3542126266,Technology Director Network Architect,Amtrak
"4/9/23, 8:15 AM",http://www.linkedin.com/jobs/view/3555608148,"Senior Manager, Infrastructure and Network Operations",Oracle
"12/27/22, 8:31 PM",http://www.linkedin.com/jobs/view/3409013319,"Senior Manager, Network Engineering",SiriusXM
"12/9/22, 7:39 PM",http://www.linkedin.com/jobs/view/3375514871,Global Director - Network Engineering,Accelya
"11/27/22, 8:10 PM",http://www.linkedin.com/jobs/view/3366406522,Telematics Manager - Kiewit Equipment Services,Kiewit
"1/23/23, 7:35 AM",http://www.linkedin.com/jobs/view/3444027621,Manager Information Technology Remote,Centene Corporation
"4/9/23, 7:35 PM",http://www.linkedin.com/jobs/view/3550339232,Network Operations Manager,Oakridge Staffing
"11/22/22, 6:52 AM",http://www.linkedin.com/jobs/view/3363947209,Senior Manager - Network Engineer,CVS Health
"9/25/24, 1:41 PM",http://www.linkedin.com/jobs/view/4033413700,Infrastructure Manager,Apex Systems
"4/11/23, 7:57 PM",http://www.linkedin.com/jobs/view/3481842253,Senior Enterprise Network Operations Engineer II,Cruise
"3/13/23, 5:55 AM",http://www.linkedin.com/jobs/view/3450480884,Information Technology Architect Sr,ERCOT
"3/22/23, 4:56 AM",http://www.linkedin.com/jobs/view/3507811671,"Manager, Network Services (Hybrid)",California ISO
"12/30/22, 11:16 AM",http://www.linkedin.com/jobs/view/3415427057,Information Technology Manager,Becht
"1/12/23, 7:27 AM",http://www.linkedin.com/jobs/view/3435489828,"Sr. Director, Infrastructure Engineering",Fanatics
"12/19/22, 4:53 AM",http://www.linkedin.com/jobs/view/3393684159,Director of IT Infrastructure Operations - Remote,Delaware North
"3/15/23, 4:43 PM",http://www.linkedin.com/jobs/view/3521494329,Manager Network Engineering,Skechers
"3/8/26, 6:46 PM",http://www.linkedin.com/jobs/view/4381242648,"Lead, Network Architect (VIRTUAL/REMOTE)",Humana
"4/4/23, 8:13 AM",http://www.linkedin.com/jobs/view/3535519568,Sr. Program & Capacity Manager - Data Center Operations,Sysco
"12/28/22, 7:31 AM",http://www.linkedin.com/jobs/view/3403071228,"Sr. Manager, Network Operations",Electrify America
"9/18/24, 3:08 PM",http://www.linkedin.com/jobs/view/4025563645,Information Technology Infrastructure Manager,BG Staffing
"12/1/22, 9:02 AM",http://www.linkedin.com/jobs/view/3339608058,IT Infrastructure Supervisor,Great West Casualty Company
"4/11/23, 8:00 PM",http://www.linkedin.com/jobs/view/3558881679,"Senior Manager, Security Network Engineering",Impossible Foods
"1/12/23, 7:16 AM",http://www.linkedin.com/jobs/view/3407637085,Director – Information Technology,Blue Signal Search
"2/25/23, 11:23 PM",http://www.linkedin.com/jobs/view/3492166019,Senior Manager Network Engineering,CVS Health
"4/11/23, 7:59 PM",http://www.linkedin.com/jobs/view/3564610593,Network Operations Manager,Oakridge Staffing
"1/21/23, 12:54 PM",http://www.linkedin.com/jobs/view/3435923541,"Senior Software Engineering Manager, Networking","Cradlepoint, part of Ericsson"
"3/22/23, 5:01 AM",http://www.linkedin.com/jobs/view/3512809413,"IT Manager, Data Center Systems",CyrusOne
"4/4/23, 8:12 AM",http://www.linkedin.com/jobs/view/3544871484,Azure Infrastructure Manager,DISYS
"3/22/23, 4:48 AM",http://www.linkedin.com/jobs/view/3535300824,Director of IT Infrastructure Services ,Pediatric Associates Family of Companies
"11/20/22, 7:23 PM",http://www.linkedin.com/jobs/view/3361465331,Telecommunications Manager,Gopuff
"1/19/23, 4:04 PM",http://www.linkedin.com/jobs/view/3442662635,Information Technology Support Manager,Amwins
"10/16/24, 3:29 PM",http://www.linkedin.com/jobs/view/4044879065,"Senior Manager, Staff - Network Engineering (REMOTE)",GEICO
"3/27/23, 4:37 AM",http://www.linkedin.com/jobs/view/3349720277,Engineering Services Manager - Enterprise,Heartland Business Systems
"3/11/23, 11:39 AM",http://www.linkedin.com/jobs/view/3477340883,"Sr. Manager, Network Operational Engineering REMOTE (Philadelphia/Houston/DFW preferred)","RealPage, Inc."
"12/8/22, 6:39 AM",http://www.linkedin.com/jobs/view/3382865350,IT Infrastructure Manager (Remote),Tandym Group
"12/9/22, 7:38 PM",http://www.linkedin.com/jobs/view/3390294924,Manager for Network and Telecommunications,Qual IT Resources
"1/10/23, 6:53 AM",http://www.linkedin.com/jobs/view/3429632019,"Director, Global Network Architecture",Trellix
"2/25/23, 11:24 PM",http://www.linkedin.com/jobs/view/3497765449,"Senior Project Manager- ""Security Network""",Allegis Group
"1/6/23, 5:51 AM",http://www.linkedin.com/jobs/view/3428263863,Director of IT Infrastructure,Dice
"3/20/23, 12:06 PM",http://www.linkedin.com/jobs/view/3536437980,Information Technology Manager,Mach7 Technologies
"11/29/22, 4:26 AM",http://www.linkedin.com/jobs/view/3371668060,REMOTE Network Engineering Manager,Insight Global
"10/18/24, 7:11 AM",http://www.linkedin.com/jobs/view/4051419989,Manager Network Engineering,Fastwyre Broadband
"2/4/23, 9:32 PM",http://www.linkedin.com/jobs/view/3438970469,"Manager, Data Center Infrastructure",Teleflex
"11/23/22, 11:29 PM",http://www.linkedin.com/jobs/view/3363420841,IT Director,Measurabl
"4/5/23, 6:06 AM",http://www.linkedin.com/jobs/view/3554735299,IT infrastructure service manager,"ITMC Systems, Inc"
"3/18/23, 6:03 PM",http://www.linkedin.com/jobs/view/3521467860,IT Manager,Integral Analytics
"3/22/23, 5:00 AM",http://www.linkedin.com/jobs/view/3496450544,Network Architect,Covius
"11/22/22, 1:35 AM",http://www.linkedin.com/jobs/view/3369795674,"Manager, Core IT",Dutchie
"2/13/23, 11:43 AM",http://www.linkedin.com/jobs/view/3475266728,"Senior Manager, IT Infrastructure",Symbotic
"11/22/22, 1:34 AM",http://www.linkedin.com/jobs/view/3363435876,Infrastructure Manager,Elevate Digital
"11/27/22, 10:23 AM",http://www.linkedin.com/jobs/view/3357069737,Manager - Infrastructure Cloud Services - Remote,Stanford Health Care
"11/16/22, 6:58 AM",http://www.linkedin.com/jobs/view/3356643685,Infrastructure PM (Project Manager) ,"TekCapitol, Inc."
"3/6/23, 4:08 PM",http://www.linkedin.com/jobs/view/3510619514,Director of Network Operations,InComm Payments
"11/15/22, 7:49 PM",http://www.linkedin.com/jobs/view/3293299486,Senior IT Project Manager - Enterprise Data,Unum
"2/17/23, 5:40 AM",http://www.linkedin.com/jobs/view/3449626784,"Director, Global Service Desk (Remote)",CrowdStrike
"2/15/23, 11:14 AM",http://www.linkedin.com/jobs/view/3482060562,"IT Manager - Full Time Omaha, NE",Borsheims
"1/6/23, 10:37 AM",http://www.linkedin.com/jobs/view/3429316363,IT Infrastructure Services Manager,Fortra
"1/31/23, 5:15 AM",http://www.linkedin.com/jobs/view/3452703533,Manager - Network Engineering (Remote),TDS Telecommunications LLC
"1/21/23, 12:52 PM",http://www.linkedin.com/jobs/view/3447225404,Information Technology Manager,Resource1
"11/23/22, 9:19 PM",http://www.linkedin.com/jobs/view/3334224807,"Sr. Director, Enterprise Architecture & Automation Center of Excellence",Zendesk
"4/11/23, 7:53 PM",http://www.linkedin.com/jobs/view/3561209851,"Director, IT Infrastructure Services",F&G
"11/19/22, 8:29 PM",http://www.linkedin.com/jobs/view/3367618605,IT Project Manager - Remote,Signature Hardware
"2/7/23, 4:52 PM",http://www.linkedin.com/jobs/view/3473719189,Infrastructure Operations Senior Team Manager,Charles Schwab
"3/16/23, 10:09 AM",http://www.linkedin.com/jobs/view/3523404302,"Sr Manager, Infrastructure",Coinstar
"12/13/22, 10:09 AM",http://www.linkedin.com/jobs/view/3399220204,Network Systems Senior Manager,Peraton
"1/12/23, 7:17 AM",http://www.linkedin.com/jobs/view/3427087591,Global Director Network Engineering,INSPYR Solutions
"11/27/22, 8:09 PM",http://www.linkedin.com/jobs/view/3321273889,"Mgr, Technology Ops- PMO",Deloitte
"3/30/23, 8:51 PM",http://www.linkedin.com/jobs/view/3548750662,Enterprise Network Manager- Remote,Dice
"2/25/23, 11:19 PM",http://www.linkedin.com/jobs/view/3499114856,Manager IT,Fiserv
"11/13/22, 7:01 PM",http://www.linkedin.com/jobs/view/3343700766,Director of Network Engineering and Operations,BioSpace
"4/5/23, 6:06 AM",http://www.linkedin.com/jobs/view/3556937166,IT Manager,STEM Search Group
"2/1/23, 8:54 AM",http://www.linkedin.com/jobs/view/3457681763,Network Operations Manager,GreenPoint Global
"3/22/23, 4:50 AM",http://www.linkedin.com/jobs/view/3505847176,Network Architect (Remote),Beckman Coulter Diagnostics
"11/16/22, 1:03 PM",http://www.linkedin.com/jobs/view/3331984605,Network Engineering Manager,Wells Fargo
"11/13/22, 7:17 PM",http://www.linkedin.com/jobs/view/3358322529,Cloud Project Manager with network experiance,Dice
"12/8/22, 6:35 AM",http://www.linkedin.com/jobs/view/3391612099,Manager IS - Networks (Data Center / WAN),Top Stack
"12/14/22, 10:36 AM",http://www.linkedin.com/jobs/view/3393656313,"Director of Engineering, Public & Private Cloud (Hybrid Onsite/Omaha NE)",FNTS
"11/15/22, 7:51 PM",http://www.linkedin.com/jobs/view/3354991742,Senior Information Technology Project Manager,Apex Systems
"4/7/23, 7:39 AM",http://www.linkedin.com/jobs/view/3560583839,"Director, Network Compliance",Shift4
"4/13/23, 7:03 PM",http://www.linkedin.com/jobs/view/3562260635,Senior Manager Of Network Engineering,Jack Henry
"11/19/22, 10:17 PM",http://www.linkedin.com/jobs/view/3364104690,IT Applications Operations Manager,Foot Locker
"11/16/22, 1:03 PM",http://www.linkedin.com/jobs/view/3320996170,Network Engineering Senior Manager,Wells Fargo
"11/22/22, 1:37 AM",http://www.linkedin.com/jobs/view/3353609240,"IT Infrastructure Project Management Director - Mergers, Acquisitions, Divestitures- Work From Home",Cigna Healthcare
"3/22/23, 11:16 AM",http://www.linkedin.com/jobs/view/3532857859,"Senior Manager, Infrastructure and Network Operations",Oracle
"3/28/23, 4:22 AM",http://www.linkedin.com/jobs/view/3429241951,Manager Infra Network Services,Retail Business Services
"1/6/23, 5:51 AM",http://www.linkedin.com/jobs/view/3422773127,Manager of IT Operations Remote,Lumen Technologies
"11/17/22, 5:03 AM",http://www.linkedin.com/jobs/view/3359527700,Director Of Infrastructure,Allegis Group
"11/29/22, 9:54 AM",http://www.linkedin.com/jobs/view/3379253565,"Sr. Manager, Property Infrastructure Technology - MGP",Marriott International
"1/24/23, 8:57 AM",http://www.linkedin.com/jobs/view/3433107181,Infrastructure Architect Manager Senior - Site Reliability Center Observability,PNC
"3/17/23, 12:01 PM",http://www.linkedin.com/jobs/view/3532349419,Network Architect,Tenaska
"3/20/23, 3:01 PM",http://www.linkedin.com/jobs/view/3529576923,Director IT End User Support,The Judge Group
"3/31/24, 2:11 PM",http://www.linkedin.com/jobs/view/3874916293,Mgr Network Engineering,Omaha Public Power District
"3/30/23, 12:47 PM",http://www.linkedin.com/jobs/view/3452413441,Information Technology Manager,Fiserv
"2/6/23, 5:26 AM",http://www.linkedin.com/jobs/view/3463580342,"Senior Manager, Datacenter Infrastructure",Oracle
