Organization,Followed On
EdTech Jobs,Wed May 06 11:16:10 UTC 2026
Edtech.com,Wed May 06 11:15:50 UTC 2026
LinkedIn Guide to Creating,Thu Apr 23 15:00:20 UTC 2026
Cisco Enterprise Networking,Tue Apr 14 10:56:45 UTC 2026
Cisco Community,Tue Apr 14 10:56:40 UTC 2026
Claude,Tue Apr 14 10:56:37 UTC 2026
Creighton University,Sun Mar 15 18:05:13 UTC 2026
Cisco ThousandEyes,Mon Oct 20 13:46:49 UTC 2025
"Zip, a puzzle by LinkedIn",Wed May 14 02:30:58 UTC 2025
Learn with Cisco,Sun Apr 27 21:20:25 UTC 2025
Grow Omaha,Thu Mar 13 00:26:24 UTC 2025
ServiceNow,Thu Jan 30 13:31:35 UTC 2025
HDR,Fri Nov 01 03:02:54 UTC 2024
Concero,Wed Apr 05 14:50:00 UTC 2023
Omaha Azure User Group,Thu Mar 23 00:42:26 UTC 2023
Data Center,Sat Mar 11 13:56:21 UTC 2023
Routing,Sat Mar 11 13:17:41 UTC 2023
Network Security,Sat Mar 11 13:01:04 UTC 2023
Network Engineering,Sat Mar 11 12:36:37 UTC 2023
Network Administration,Sat Mar 11 12:23:18 UTC 2023
ABM Industries,Wed Feb 22 20:40:49 UTC 2023
"Pinnacle Group, Inc.",Thu Feb 09 15:08:01 UTC 2023
TechnologyAdvice,Wed Feb 01 22:52:17 UTC 2023
Crowell & Moring,Wed Feb 01 20:27:32 UTC 2023
The Parts Authority,Mon Dec 26 22:29:31 UTC 2022
Omaha Jitterbugs,Wed Dec 21 00:49:18 UTC 2022
Lean Focus,Sat Nov 19 14:24:08 UTC 2022
The Select Group,Fri Nov 18 13:16:37 UTC 2022
the LEGO Group,Fri Nov 04 12:34:20 UTC 2022
Target,Mon Oct 31 13:15:50 UTC 2022
WoodmenLife,Sat Oct 01 13:01:56 UTC 2022
Omaha Public Power District,Fri Sep 30 18:15:48 UTC 2022
Apple,Thu Sep 15 18:28:27 UTC 2022
AWS Careers,Thu Sep 15 18:28:23 UTC 2022
Meta,Thu Sep 15 18:28:11 UTC 2022
Microsoft,Thu Sep 15 18:28:04 UTC 2022
Google,Thu Sep 15 18:28:02 UTC 2022
LinkedIn,Thu Sep 15 18:28:01 UTC 2022
Atlassian,Thu Sep 08 18:05:26 UTC 2022
Leadership First,Wed Sep 07 17:27:10 UTC 2022
Brooksource,Sat Sep 03 21:05:56 UTC 2022
Amazon Web Services (AWS),Wed Aug 31 03:23:58 UTC 2022
Amazon,Mon Nov 18 20:53:37 UTC 2019
CME Group,Fri May 24 15:00:32 UTC 2019
Avaya,Thu Feb 21 15:30:07 UTC 2019
C1,Thu Feb 21 15:30:00 UTC 2019
NewVoiceMedia (now Vonage),Thu Feb 21 15:29:51 UTC 2019
Cisco,Thu Feb 21 15:29:42 UTC 2019
Telvent Dtn Inc,Tue Dec 13 19:32:57 UTC 2016
University of Nebraska at Omaha,Sat Sep 10 20:43:57 UTC 2016
DTN / The Progressive Farmer,Sat Sep 22 10:09:51 UTC 2012