Login Date,IP Address,User Agent,Login Type
Wed Jun 05 19:55:21 UTC 2024,24.252.59.104,Mozilla/5.0 (Windows NT 10.0; Win64; x64; rv:126.0) Gecko/20100101 Firefox/126.0,Login
Wed Sep 04 23:14:39 UTC 2024,24.252.59.104,Mozilla/5.0 (Windows NT 10.0; Win64; x64; rv:130.0) Gecko/20100101 Firefox/130.0,Login
Fri Nov 22 16:59:41 UTC 2024,199.168.243.196,Mozilla/5.0 (Windows NT 10.0; Win64; x64; rv:132.0) Gecko/20100101 Firefox/132.0,Login
Sat Dec 14 04:27:23 UTC 2024,24.252.59.104,Mozilla/5.0 (Windows NT 10.0; Win64; x64; rv:133.0) Gecko/20100101 Firefox/133.0,Login
Wed Jan 15 18:58:57 UTC 2025,163.116.247.43,Mozilla/5.0 (Windows NT 10.0; Win64; x64; rv:134.0) Gecko/20100101 Firefox/134.0,Login
Sun Jan 26 12:37:08 UTC 2025,2600:8804:480:218:c4eb:a35e:2b52:522b,"Mozilla/5.0 (iPhone; CPU iPhone OS 18_2_1 like Mac OS X) AppleWebKit/605.1.15 (KHTML, like Gecko) Version/18.2 Mobile/15E148 Safari/604.1",Login
Mon Jan 27 23:11:08 UTC 2025,2600:8804:480:218:2088:af4d:3e4f:e781,"Mozilla/5.0 (iPhone; CPU iPhone OS 18_2_1 like Mac OS X) AppleWebKit/605.1.15 (KHTML, like Gecko) Version/18.2 Mobile/15E148 Safari/604.1",Login
Wed Jan 29 02:22:32 UTC 2025,2600:8804:480:218:b54f:7811:fd55:8eef,"Mozilla/5.0 (Macintosh; Intel Mac OS X 10_15_7) AppleWebKit/605.1.15 (KHTML, like Gecko) Version/18.2 Safari/605.1.15",Login
Fri Feb 28 17:06:33 UTC 2025,24.252.59.104,Mozilla/5.0 (Windows NT 10.0; Win64; x64; rv:135.0) Gecko/20100101 Firefox/135.0,Login
Sat Jun 21 15:16:55 UTC 2025,2600:1014:b169:9a32:4ca9:9197:d1f4:7fee,"Mozilla/5.0 (iPhone; CPU iPhone OS 18_5 like Mac OS X) AppleWebKit/605.1.15 (KHTML, like Gecko) FxiOS/139.2  Mobile/15E148 Safari/605.1.15",Login
Sun Jul 27 03:16:29 UTC 2025,24.252.59.104,Mozilla/5.0 (Windows NT 10.0; Win64; x64; rv:141.0) Gecko/20100101 Firefox/141.0,Login
Sat Aug 02 12:28:18 UTC 2025,2600:8804:480:218:647a:e335:1a63:a259,"Mozilla/5.0 (iPhone; CPU iPhone OS 18_6 like Mac OS X) AppleWebKit/605.1.15 (KHTML, like Gecko) FxiOS/141.1  Mobile/15E148 Safari/605.1.15",Login
Sun Aug 03 05:04:57 UTC 2025,174.71.101.135,Mozilla/5.0 (Windows NT 10.0; Win64; x64; rv:141.0) Gecko/20100101 Firefox/141.0,Login
Sun Sep 28 00:19:18 UTC 2025,72.213.35.129,Mozilla/5.0 (Windows NT 10.0; Win64; x64; rv:143.0) Gecko/20100101 Firefox/143.0,Login
Thu Jan 08 04:42:12 UTC 2026,72.213.35.129,Mozilla/5.0 (Windows NT 10.0; Win64; x64; rv:146.0) Gecko/20100101 Firefox/146.0,Login
Sun Mar 08 15:44:20 UTC 2026,72.206.125.253,Mozilla/5.0 (Windows NT 10.0; Win64; x64; rv:148.0) Gecko/20100101 Firefox/148.0,Login
Sun Mar 08 18:56:52 UTC 2026,72.206.125.253,Mozilla/5.0 (Windows NT 10.0; Win64; x64; rv:147.0) Gecko/20100101 Firefox/147.0,Login
Tue Apr 28 19:46:00 UTC 2026,147.134.64.69,Mozilla/5.0 (Windows NT 10.0; Win64; x64; rv:140.0) Gecko/20100101 Firefox/140.0,Login
Sun May 17 02:42:33 UTC 2026,72.206.125.253,Mozilla/5.0 (Windows NT 10.0; Win64; x64; rv:149.0) Gecko/20100101 Firefox/149.0,Login
Sun May 31 02:55:32 UTC 2026,72.206.125.253,Mozilla/5.0 (Windows NT 10.0; Win64; x64; rv:151.0) Gecko/20100101 Firefox/151.0,Login
