Time,Search Query
2025/05/07 15:45:05 UTC,heidi centola
2025/05/07 15:45:06 UTC,hdr
2025/05/07 15:45:06 UTC,hdr
2025/05/07 15:45:07 UTC,hdr
2025/05/07 15:45:27 UTC,hdr
2025/05/07 15:45:27 UTC,hdr
2025/05/07 15:45:27 UTC,hdr
2025/05/07 15:45:28 UTC,hdr
2025/05/08 14:13:17 UTC,tina chasey
2025/05/08 14:13:17 UTC,tony manjarrez
2025/05/08 14:13:18 UTC,todd meyer
2025/05/08 14:13:19 UTC,todd gawronski
2025/05/08 14:16:01 UTC,SpeedNet LLC
2025/05/08 14:16:02 UTC,SpeedNet LLC
2025/05/08 14:16:48 UTC,todd gawronski
2025/05/08 14:17:14 UTC,todd gawronski
2025/05/08 14:17:15 UTC,todd gawronski
2025/05/12 19:38:49 UTC,andrew geppert
2025/05/12 19:38:52 UTC,andrew meyers
2025/05/12 19:38:52 UTC,andy murray
2025/05/12 19:39:59 UTC,todd gawronski
2025/05/12 19:45:54 UTC,Jayesh Mayilitta
2025/05/12 19:45:55 UTC,Jayesh Mayilitta
2025/05/20 16:24:47 UTC,shera southerland
2025/05/20 16:24:47 UTC,speednet llc
2025/05/20 16:24:48 UTC,shane fickes
2025/05/20 16:24:49 UTC,shannon mrsny
2025/05/20 16:24:49 UTC,shannon owen
2025/05/20 16:24:50 UTC,shannon (shelly) larsen, mpm, capm
2025/05/20 16:24:50 UTC,shannon aviation museum
2025/05/20 16:24:52 UTC,shannon avery adams
2025/05/20 16:24:54 UTC,shannon avery adams
2025/05/20 16:25:14 UTC,shannon adams omaha
2025/05/20 16:25:15 UTC,shannon adams omaha
2025/05/20 16:26:00 UTC,avery adams omaha
2025/05/20 16:26:01 UTC,avery adams omaha
2025/06/03 16:27:05 UTC,lolly taylor
2025/06/03 16:27:05 UTC,zip, a puzzle by linkedin
2025/06/03 16:27:06 UTC,lonnie shumate
2025/06/12 14:15:43 UTC,alroy
2025/06/17 19:46:52 UTC,Engineering Team Lead
2025/06/21 15:08:33 UTC,jamie sobczyk
2025/06/21 15:08:42 UTC,Engineering Team Lead
2025/06/21 15:17:26 UTC,Engineering Team Lead
2025/06/21 15:19:30 UTC,Engineering Team Lead
2025/06/21 15:20:28 UTC,HDR
2025/06/21 15:20:33 UTC,HDR
2025/06/21 15:20:40 UTC,HDR network
2025/06/21 15:20:43 UTC,HDR network
2025/06/21 15:20:51 UTC,Engineering Team Lead
2025/06/21 16:09:19 UTC,HDR network
2025/06/30 20:11:09 UTC,paresh patel
2025/06/30 20:11:09 UTC,patti dunaway
2025/06/30 20:11:09 UTC,zip, a puzzle by linkedin
2025/06/30 20:11:09 UTC,zip, a puzzle by linkedin
2025/06/30 20:11:10 UTC,patrick williams
2025/06/30 20:11:11 UTC,patrick stoehr
2025/06/30 20:11:13 UTC,patrick marc simon
2025/06/30 20:11:13 UTC,patrick siegrist
2025/06/30 20:11:15 UTC,patrick seibert
2025/06/30 20:11:24 UTC,patrick seim
2025/06/30 20:11:24 UTC,patrick seim
2025/07/03 15:18:37 UTC,leadership think tank
2025/07/03 15:18:37 UTC,leadership think tank
2025/07/03 15:18:38 UTC,latin america groups
2025/07/03 15:18:39 UTC,latin america groups
2025/07/03 15:18:39 UTC,shauna latshaw
2025/07/03 15:18:40 UTC,lauren mccormick
2025/07/03 15:18:41 UTC,lars ewe
2025/07/03 16:30:00 UTC,network engineering
2025/07/03 16:30:01 UTC,nelnet
2025/07/03 16:30:01 UTC,nelnet
2025/07/03 16:30:01 UTC,nelnet
2025/07/03 16:30:01 UTC,nelnet
2025/07/03 16:30:01 UTC,nelnet
2025/07/03 16:30:01 UTC,network engineering
2025/07/03 16:30:03 UTC,nelnet
2025/07/08 17:02:47 UTC,jamie sobczyk
2025/07/08 17:02:48 UTC,seismic groups
2025/07/08 17:02:49 UTC,seismic groups
2025/07/08 17:02:54 UTC,darren siekman
2025/07/08 17:03:20 UTC,patrick seim
2025/07/08 17:03:21 UTC,patrick seim
2025/07/28 17:31:07 UTC,patrick seim
2025/07/28 17:31:09 UTC,patrick seim
2025/08/11 23:16:22 UTC,Head of Information Technology
2025/08/14 00:29:19 UTC,Head of Information Technology
2025/08/14 05:31:32 UTC,Head of Information Technology
2025/08/14 19:16:09 UTC,Head of Information Technology
2025/08/14 20:06:15 UTC,Head of Information Technology
2025/08/14 20:07:31 UTC,Head of Information Technology
2025/08/15 02:13:50 UTC,Head of Information Technology
2025/08/15 19:22:54 UTC,Head of Information Technology
2025/08/15 19:32:38 UTC,Head of Information Technology
2025/08/16 01:44:43 UTC,IT Network Manager
2025/08/20 22:30:39 UTC,Senior Network Manager
2025/08/20 22:33:06 UTC,Compliance Analyst
2025/08/22 19:10:15 UTC,Director of Information Technology
2025/08/22 19:12:46 UTC,Director of Information Technology
2025/08/22 20:24:05 UTC,Senior Network Manager
2025/08/22 20:25:16 UTC,Senior Network Manager
2025/08/23 18:31:26 UTC,Senior Network Manager
2025/08/23 19:04:28 UTC,Senior Network Manager
2025/08/23 19:09:02 UTC,Director of Information Technology
2025/08/24 12:11:21 UTC,hdr
2025/08/24 12:11:21 UTC,hdr
2025/08/24 12:11:22 UTC,hdr
2025/08/24 12:11:38 UTC,hdr sa
2025/08/24 12:11:38 UTC,hdr sa
2025/08/24 12:11:38 UTC,hdr studio
2025/08/24 12:11:38 UTC,hdr studio
2025/08/24 12:11:43 UTC,hdr architecture, inc.
2025/08/24 12:11:43 UTC,hdr architecture, inc.
2025/08/24 12:12:00 UTC,av
2025/08/24 12:12:00 UTC,av
2025/08/24 12:12:01 UTC,IT Network Manager
2025/08/24 12:12:01 UTC,av
2025/08/24 12:12:01 UTC,av
2025/08/24 12:12:01 UTC,av
2025/08/24 12:12:01 UTC,av
2025/08/24 12:12:03 UTC,av
2025/08/24 12:12:14 UTC,Senior Administrator
2025/08/24 19:13:51 UTC,Director of Information Technology
2025/08/27 19:12:32 UTC,Director of Information Technology
2025/08/29 19:21:14 UTC,Director of Information Technology
2025/08/30 19:13:50 UTC,Director of Information Technology
2025/08/31 19:07:40 UTC,Director of Information Technology
2025/08/31 19:07:41 UTC,Director of Information Technology
2025/09/01 19:08:58 UTC,Director of Information Technology
2025/09/02 19:13:34 UTC,Director of Information Technology
2025/09/03 19:30:53 UTC,Director of Information Technology
2025/09/05 19:17:41 UTC,Senior Network Manager
2025/09/10 15:47:24 UTC,wendy management groups
2025/09/10 15:47:24 UTC,wendy management groups
2025/09/10 15:47:32 UTC,wendy de rosa
2025/09/10 15:48:17 UTC,wendy deines
2025/09/10 15:48:17 UTC,wendy deines
2025/09/13 18:47:39 UTC,network engineering
2025/09/13 18:47:39 UTC,network engineering
2025/09/14 02:07:44 UTC,geraldine barnuevo sustainability leadership
2025/09/14 02:07:44 UTC,geraldine barnuevo sustainability leadership
2025/09/14 02:07:44 UTC,german groups
2025/09/14 02:07:44 UTC,german groups
2025/09/20 14:31:16 UTC,Infrastructure Manager
2025/09/25 17:21:49 UTC,Director of Information Technology
2025/09/27 19:13:02 UTC,Director of Information Technology
2025/09/27 19:26:26 UTC,Director of Information Technology
2025/09/27 19:37:38 UTC,Director of Information Technology
2025/09/28 00:19:56 UTC,wendy deines
2025/09/28 00:19:58 UTC,network engineering
2025/09/28 00:19:58 UTC,network engineering
2025/09/28 00:21:04 UTC,hdr
2025/09/28 00:21:04 UTC,hdr
2025/09/28 00:21:07 UTC,hdr
2025/09/28 00:21:15 UTC,hdr
2025/09/28 00:21:27 UTC,hdr aerospace
2025/09/28 19:07:24 UTC,Director of Information Technology
2025/09/28 19:09:17 UTC,Director of Information Technology
2025/09/29 19:13:27 UTC,Director of Information Technology
2025/10/02 11:47:25 UTC,Infrastructure Manager
2025/10/02 11:47:39 UTC,Information Technology Infrastructure Manager
2025/10/04 16:52:47 UTC,Director of Network Operations
2025/10/04 18:15:08 UTC,Infrastructure Manager
2025/10/04 19:05:01 UTC,Infrastructure Manager
2025/10/05 19:10:55 UTC,Infrastructure Manager
2025/10/05 19:58:19 UTC,Infrastructure Manager
2025/10/06 19:17:34 UTC,Infrastructure Manager
2025/10/07 01:48:46 UTC,Senior Network Engineer
2025/10/07 19:07:13 UTC,Infrastructure Manager
2025/10/08 18:52:17 UTC,Director of Network Operations
2025/10/08 19:26:39 UTC,Director of Network Operations
2025/10/08 19:27:34 UTC,Infrastructure Manager
2025/10/09 19:26:45 UTC,Infrastructure Manager
2025/10/10 19:16:35 UTC,hdr
2025/10/10 19:16:35 UTC,hdr
2025/10/10 19:16:38 UTC,hdr vcf
2025/10/10 19:16:38 UTC,hdr vcf
2025/10/10 19:16:38 UTC,hr vf
2025/10/10 19:16:39 UTC,hdr vcf
2025/10/10 19:26:48 UTC,Infrastructure Manager
2025/10/22 14:52:33 UTC,julie reisler
2025/10/22 14:52:42 UTC,julie renquist
2025/10/22 14:52:43 UTC,julie renquist
2025/10/26 16:38:29 UTC,Director of Network Operations
2025/10/29 19:32:55 UTC,Infrastructure Manager
2025/10/30 19:28:02 UTC,Infrastructure Manager
2025/10/31 19:06:18 UTC,Director of Network Operations
2025/11/01 19:33:57 UTC,Director of Network Operations
2025/11/02 19:07:50 UTC,Director of Network Operations
2025/11/03 19:51:42 UTC,Director of Network Operations
2025/11/04 19:08:26 UTC,Director of Network Operations
2025/11/06 00:05:51 UTC,leadership think tank
2025/11/06 00:05:51 UTC,leadership think tank
2025/11/06 00:05:52 UTC,network engineering
2025/11/06 00:05:52 UTC,network engineering
2025/11/06 00:05:54 UTC,university of nebraska at omaha
2025/11/06 00:05:54 UTC,university of nebraska at omaha
2025/11/06 00:05:57 UTC,(ne)nug
2025/11/06 00:05:57 UTC,(ne)nug
2025/11/06 00:06:05 UTC,(ne)nug
2025/11/06 00:06:40 UTC,nebraska network user group
2025/11/06 00:06:40 UTC,nebraska network user group
2025/11/06 00:06:50 UTC,nebraska network user group
2025/11/19 16:03:11 UTC,michelle dercole
2025/11/19 16:03:12 UTC,michelle dercole
2025/11/19 16:30:24 UTC,kara dercole
2025/11/19 16:30:27 UTC,kara dercole
2025/12/27 20:43:02 UTC,Director of Network Operations
2025/12/29 20:07:39 UTC,Director of Network Operations
2025/12/30 19:18:43 UTC,Director of Network Operations
2025/12/30 19:38:12 UTC,Director of Network Operations
2025/12/31 19:30:37 UTC,Director of Network Operations
2026/01/01 19:06:04 UTC,Director of Network Operations
2026/01/02 19:16:14 UTC,Director of Network Operations
2026/01/03 19:45:08 UTC,Director of Network Operations
2026/01/04 19:26:23 UTC,Director of Network Operations
2026/01/09 00:18:42 UTC,Clinton lab analyst
2026/01/09 00:18:42 UTC,Clinton lab analyst
2026/01/09 00:18:49 UTC,Clinton lab analyst
2026/01/09 00:18:49 UTC,Clinton lab analyst
2026/01/09 00:18:49 UTC,Clinton lab analyst
2026/01/09 00:20:21 UTC,Bemis
2026/01/09 00:20:21 UTC,Bemis
2026/01/09 00:20:26 UTC,Bemis
2026/01/09 00:20:26 UTC,Bemis
2026/01/09 00:20:29 UTC,Bemis
2026/01/09 00:20:29 UTC,Bemis
2026/01/09 00:20:33 UTC,Bemis
2026/01/09 00:20:33 UTC,Bemis
2026/01/09 00:20:34 UTC,Bemis
2026/01/09 00:20:37 UTC,Bemis
2026/01/09 12:19:43 UTC,Network Services Manager
2026/01/09 12:21:22 UTC,Technical Program Manager
2026/01/10 01:22:56 UTC,Network Engineer
2026/01/10 01:22:56 UTC,Network Engineer
2026/01/10 01:22:56 UTC,Network Engineer
2026/01/10 01:23:01 UTC,Network Engineer
2026/01/11 20:51:22 UTC,Technical Program Manager
2026/01/12 19:15:39 UTC,Technical Program Manager
2026/01/12 19:52:59 UTC,Technical Program Manager
2026/01/13 19:40:11 UTC,Technical Program Manager
2026/01/14 03:21:23 UTC,Director of Information Technology
2026/01/14 03:22:23 UTC,Technical Manager
2026/01/14 03:23:12 UTC,Network Services Manager
2026/01/14 03:23:55 UTC,Senior Network Engineer
2026/01/14 03:24:05 UTC,Network Engineer
2026/01/14 19:14:39 UTC,Senior Network Engineer
2026/01/15 12:37:35 UTC,Network Services Manager
2026/01/15 19:16:44 UTC,Senior Network Engineer
2026/01/15 20:00:02 UTC,Network Engineer
2026/01/16 19:16:53 UTC,Dtn dba
2026/01/16 19:16:53 UTC,Dtn dba
2026/01/16 19:16:53 UTC,dot dba
2026/01/16 19:16:54 UTC,Dtn dba
2026/01/16 19:16:57 UTC,Dtn dba
2026/01/16 19:16:57 UTC,Dtn dba
2026/01/16 19:16:57 UTC,Dtn dba
2026/01/16 19:16:59 UTC,Dtn dba
2026/01/16 19:17:02 UTC,Dtn dba
2026/01/16 19:17:03 UTC,Dtn dba
2026/01/16 19:17:06 UTC,Dtn dba
2026/01/16 19:17:08 UTC,Dtn dba
2026/01/16 19:17:10 UTC,Dtn dba
2026/01/16 19:17:12 UTC,Dtn dba
2026/01/16 19:17:14 UTC,Dtn dba
2026/01/16 19:45:08 UTC,Senior Network Engineer
2026/01/16 19:56:20 UTC,Network Engineer
2026/01/17 19:19:57 UTC,Senior Network Engineer
2026/01/17 19:43:16 UTC,Network Manager
2026/01/18 00:09:32 UTC,Information Technology Manager
2026/01/18 00:10:40 UTC,Network Manager
2026/01/18 19:16:50 UTC,Director of Information Technology
2026/01/19 16:45:00 UTC,Hdr
2026/01/19 16:45:00 UTC,Hdr
2026/01/19 16:45:01 UTC,Hdr
2026/01/19 16:45:11 UTC,Hdr
2026/01/19 16:45:13 UTC,Hdr
2026/01/19 16:45:15 UTC,Hdr
2026/01/19 16:45:16 UTC,Hdr
2026/01/19 16:45:17 UTC,Hdr
2026/01/19 16:45:23 UTC,Hdr
2026/01/19 16:45:25 UTC,Hdr
2026/01/19 16:45:28 UTC,Hdr
2026/01/19 16:45:30 UTC,Hdr
2026/01/19 16:45:39 UTC,Hdr denver
2026/01/19 16:45:40 UTC,Hdr denver
2026/01/19 19:28:52 UTC,Director of Information Technology
2026/01/19 20:12:40 UTC,Information Technology Manager
2026/01/20 19:48:44 UTC,Director of Information Technology
2026/01/20 19:58:58 UTC,Information Technology Manager
2026/01/21 19:31:04 UTC,Network Engineer
2026/01/22 19:34:23 UTC,Information Technology Manager
2026/01/23 04:25:51 UTC,Engineering Manager
2026/01/23 04:26:22 UTC,Director of Technology
2026/01/23 19:27:36 UTC,Engineering Manager
2026/01/24 19:20:46 UTC,Engineering Manager
2026/01/24 19:30:01 UTC,Director of Technology
2026/01/25 19:24:35 UTC,Engineering Manager
2026/01/25 20:40:48 UTC,Director of Technology
2026/01/26 20:03:17 UTC,Engineering Manager
2026/01/27 19:19:22 UTC,Engineering Manager
2026/01/28 19:47:13 UTC,Engineering Manager
2026/01/29 19:40:53 UTC,Technical Manager
2026/01/30 03:30:53 UTC,Data Network Manager
2026/01/30 19:54:32 UTC,Information Technology Manager
2026/01/31 19:28:21 UTC,Information Technology Manager
2026/01/31 20:12:34 UTC,Data Network Manager
2026/01/31 21:31:40 UTC,Head of Cyber Security
2026/02/01 19:04:38 UTC,Information Technology Manager
2026/02/01 20:10:51 UTC,Data Network Manager
2026/02/02 03:41:06 UTC,Manager Network Engineering
2026/02/02 19:25:08 UTC,Information Technology Manager
2026/02/03 17:04:48 UTC,Infrastructure Manager
2026/02/03 19:35:11 UTC,Information Technology Manager
2026/02/04 19:53:31 UTC,Information Technology Manager
2026/02/04 19:59:35 UTC,Manager Network Engineering
2026/02/05 19:22:30 UTC,Information Technology Manager
2026/02/05 19:57:48 UTC,Infrastructure Manager
2026/02/06 21:03:31 UTC,Data Network Manager
2026/02/07 19:25:09 UTC,Data Network Manager
2026/02/08 19:06:14 UTC,Data Network Manager
2026/02/09 13:04:37 UTC,Nebraska medicing
2026/02/09 13:04:56 UTC,Unmc
2026/02/09 13:05:01 UTC,Unmc
2026/02/09 13:05:10 UTC,Unmc director
2026/02/09 13:05:16 UTC,Unmc director
2026/02/09 19:14:00 UTC,Data Network Manager
2026/02/10 19:28:42 UTC,Data Network Manager
2026/02/11 00:05:57 UTC,Gus kenworthy
2026/02/11 00:05:58 UTC,Gus kenworthy
2026/02/11 19:24:52 UTC,Data Network Manager
2026/02/12 02:40:53 UTC,Director of Technology Operations
2026/02/13 19:50:49 UTC,Data Network Manager
2026/02/14 19:31:29 UTC,Data Network Manager
2026/02/15 19:28:14 UTC,Data Network Manager
2026/02/16 19:08:57 UTC,Infrastructure Manager
2026/02/17 20:03:42 UTC,IT Network Manager
2026/02/17 20:03:42 UTC,Infrastructure Manager
2026/02/17 20:03:43 UTC,Unmc director
2026/02/17 20:03:43 UTC,Unmc director
2026/02/17 20:03:43 UTC,Unmc director
2026/02/17 20:03:43 UTC,Unmc director
2026/02/17 20:03:43 UTC,Unmc director
2026/02/17 20:03:43 UTC,Unmc director
2026/02/18 19:44:21 UTC,IT Network Manager
2026/02/18 19:44:21 UTC,Infrastructure Manager
2026/02/18 19:44:21 UTC,Unmc director
2026/02/18 19:44:21 UTC,Unmc director
2026/02/18 19:44:21 UTC,Unmc director
2026/02/18 19:44:21 UTC,Unmc director
2026/02/18 19:44:22 UTC,Unmc director
2026/02/18 19:44:22 UTC,Unmc director
2026/02/19 19:50:22 UTC,IT Network Manager
2026/02/19 19:50:22 UTC,Infrastructure Manager
2026/02/19 19:50:22 UTC,Unmc
2026/02/19 19:50:23 UTC,Unmc
2026/02/20 19:13:59 UTC,IT Network Manager
2026/02/20 19:13:59 UTC,Unmc
2026/02/20 19:14:00 UTC,Unmc
2026/02/21 16:58:52 UTC,Manager Network Engineering
2026/02/21 19:14:17 UTC,IT Network Manager
2026/02/21 19:14:18 UTC,Unmc director
2026/02/21 19:14:18 UTC,Unmc director
2026/02/21 19:14:18 UTC,Unmc director
2026/02/21 19:14:18 UTC,Unmc director
2026/02/21 19:14:18 UTC,Unmc director
2026/02/21 19:14:18 UTC,Unmc director
2026/02/22 19:08:08 UTC,IT Network Manager
2026/02/22 19:08:09 UTC,Unmc director
2026/02/22 19:08:09 UTC,Unmc director
2026/02/22 19:08:09 UTC,Unmc director
2026/02/22 19:08:09 UTC,Unmc director
2026/02/22 19:08:09 UTC,Unmc director
2026/02/22 19:08:09 UTC,Unmc director
2026/02/23 19:20:04 UTC,IT Network Manager
2026/02/23 19:20:04 UTC,Infrastructure Manager
2026/02/23 19:20:04 UTC,Unmc
2026/02/23 19:20:04 UTC,Unmc
2026/02/24 19:17:40 UTC,IT Network Manager
2026/02/24 19:17:40 UTC,Infrastructure Manager
2026/02/24 19:17:40 UTC,Unmc director
2026/02/24 19:17:41 UTC,Unmc director
2026/02/24 19:17:41 UTC,Unmc director
2026/02/24 19:17:41 UTC,Unmc director
2026/02/24 19:17:41 UTC,Unmc director
2026/02/24 19:17:41 UTC,Unmc director
2026/02/25 19:39:24 UTC,IT Network Manager
2026/02/25 19:39:24 UTC,Infrastructure Manager
2026/02/25 19:39:24 UTC,Unmc
2026/02/25 19:39:24 UTC,Unmc
2026/02/26 19:10:00 UTC,IT Network Manager
2026/02/26 19:10:00 UTC,Infrastructure Manager
2026/02/26 19:10:00 UTC,Unmc director
2026/02/26 19:10:01 UTC,Unmc director
2026/02/26 19:10:01 UTC,Unmc director
2026/02/26 19:10:01 UTC,Unmc director
2026/02/26 19:10:01 UTC,Unmc director
2026/02/26 19:10:01 UTC,Unmc director
2026/02/27 20:08:49 UTC,IT Network Manager
2026/02/27 20:08:50 UTC,Unmc director
2026/02/27 20:08:50 UTC,Unmc director
2026/02/27 20:08:50 UTC,Unmc director
2026/02/27 20:08:50 UTC,Unmc director
2026/02/27 20:08:50 UTC,Unmc director
2026/02/27 20:08:50 UTC,Unmc director
2026/02/28 16:14:37 UTC,Manager Network Engineering
2026/02/28 19:42:29 UTC,IT Network Manager
2026/02/28 19:42:29 UTC,Manager Network Engineering
2026/02/28 19:42:29 UTC,Unmc director
2026/02/28 19:42:29 UTC,Unmc director
2026/02/28 19:42:29 UTC,Unmc director
2026/02/28 19:42:29 UTC,Unmc director
2026/02/28 19:42:29 UTC,Unmc director
2026/02/28 19:42:29 UTC,Unmc director
2026/03/01 19:40:32 UTC,Manager Network Engineering
2026/03/01 19:40:33 UTC,IT Network Manager
2026/03/01 19:40:33 UTC,Unmc
2026/03/01 19:40:33 UTC,Unmc
2026/03/02 19:24:00 UTC,IT Network Manager
2026/03/02 19:24:00 UTC,Information Technology Manager
2026/03/02 19:24:00 UTC,Unmc
2026/03/02 19:24:01 UTC,Unmc
2026/03/03 19:49:30 UTC,IT Network Manager
2026/03/03 19:49:30 UTC,Information Technology Manager
2026/03/03 19:49:30 UTC,Unmc director
2026/03/03 19:49:30 UTC,Unmc director
2026/03/03 19:49:30 UTC,Unmc director
2026/03/03 19:49:30 UTC,Unmc director
2026/03/03 19:49:30 UTC,Unmc director
2026/03/03 19:49:30 UTC,Unmc director
2026/03/04 02:09:59 UTC,Unmc
2026/03/04 02:10:06 UTC,Unmc
2026/03/04 02:10:11 UTC,Unmc
2026/03/04 02:10:12 UTC,Unmc
2026/03/04 02:10:24 UTC,Nebraska medicine
2026/03/04 02:10:30 UTC,Nebraska medicine
2026/03/04 02:11:40 UTC,Technical Program Manager
2026/03/04 17:18:13 UTC,john cattone
2026/03/04 17:18:24 UTC,john catton
2026/03/04 18:29:33 UTC,Technical Program Manager
2026/03/04 18:29:57 UTC,Network Manager
2026/03/04 22:21:24 UTC,IT Network Manager
2026/03/04 22:21:24 UTC,Manager Network Engineering
2026/03/04 22:21:25 UTC,Unmc
2026/03/04 22:21:26 UTC,Unmc
2026/03/05 17:44:12 UTC,Information Technology Supervisor
2026/03/05 19:44:16 UTC,IT Network Manager
2026/03/05 19:44:16 UTC,Manager Network Engineering
2026/03/05 19:44:16 UTC,Unmc
2026/03/05 19:44:16 UTC,Unmc
2026/03/06 01:01:17 UTC,Network Manager
2026/03/06 01:02:10 UTC,Technical Manager
2026/03/06 13:28:25 UTC,Network Engineer
2026/03/06 13:29:46 UTC,Network Administrator
2026/03/06 18:30:00 UTC,Network Operations Manager
2026/03/06 18:30:40 UTC,Technical Manager
2026/03/06 18:36:59 UTC,Telecommunications Manager
2026/03/06 18:37:43 UTC,Network Manager
2026/03/06 20:04:28 UTC,IT Network Manager
2026/03/06 20:04:28 UTC,Manager Network Engineering
2026/03/06 20:04:28 UTC,Unmc director
2026/03/06 20:04:29 UTC,Unmc director
2026/03/06 20:04:29 UTC,Unmc director
2026/03/06 20:04:29 UTC,Unmc director
2026/03/06 20:04:29 UTC,Unmc director
2026/03/06 20:04:29 UTC,Unmc director
2026/03/07 13:48:18 UTC,Director Network Services
2026/03/07 14:20:57 UTC,Director Network Services
2026/03/07 15:05:09 UTC,Director Network Services
2026/03/07 15:07:37 UTC,Director Network Services
2026/03/07 16:21:13 UTC,Manager Network Engineering
2026/03/07 17:21:09 UTC,Associate Director of Technology
2026/03/07 17:21:37 UTC,Information Technology Manager
2026/03/07 17:47:56 UTC,Network Manager
2026/03/07 18:07:54 UTC,Manager Network Engineering
2026/03/07 19:26:12 UTC,IT Network Manager
2026/03/07 19:26:12 UTC,Nebraska medicine
2026/03/07 19:26:12 UTC,Telecommunications Manager
2026/03/07 19:26:13 UTC,Nebraska medicine
2026/03/07 19:26:13 UTC,Nebraska medicine
2026/03/07 19:26:13 UTC,Nebraska medicine
2026/03/07 19:26:13 UTC,Nebraska medicine
2026/03/07 19:26:13 UTC,Nebraska medicine
2026/03/08 00:15:52 UTC,Telecommunications Manager
2026/03/08 00:16:14 UTC,Project Manager
2026/03/08 00:16:32 UTC,Telecommunications Manager
2026/03/08 16:12:13 UTC,Director Network Services
2026/03/08 19:56:57 UTC,IT Network Manager
2026/03/08 19:56:57 UTC,Telecommunications Manager
2026/03/08 19:56:57 UTC,Unmc
2026/03/08 19:56:57 UTC,Unmc
2026/03/08 23:25:25 UTC,Information Technology Network Manager
2026/03/08 23:26:50 UTC,Information Technology Network Manager
2026/03/08 23:57:39 UTC,Information Technology Network Manager
2026/03/09 00:34:05 UTC,Project manager
2026/03/09 00:34:19 UTC,Project Manager
2026/03/09 00:35:20 UTC,Project Manager
2026/03/09 00:35:32 UTC,Senior Project Manager
2026/03/09 00:36:17 UTC,Senior Project Manager
2026/03/09 00:36:40 UTC,Project manager
2026/03/09 00:36:48 UTC,Project Manager
2026/03/09 00:37:44 UTC,Technical Program Manager
2026/03/09 00:38:27 UTC,Project Manager
2026/03/09 00:39:00 UTC,Project Manager
2026/03/09 00:39:15 UTC,Project manager
2026/03/09 00:39:29 UTC,Technical Program Manager
2026/03/09 00:44:58 UTC,Construction Manager
2026/03/09 00:45:41 UTC,Data Specialist
2026/03/09 00:46:38 UTC,Data Specialist
2026/03/09 00:47:12 UTC,Project Manager
2026/03/09 00:47:54 UTC,Project Manager
2026/03/09 00:48:04 UTC,Project manager
2026/03/09 00:48:07 UTC,Senior Program Manager
2026/03/09 00:48:40 UTC,Project Manager
2026/03/09 00:49:29 UTC,Project Manager
2026/03/09 00:50:19 UTC,Electrical Engineer
2026/03/09 00:51:14 UTC,Project manager
2026/03/09 00:51:17 UTC,Project Manager
2026/03/09 00:51:37 UTC,MEP Manager
2026/03/09 00:52:41 UTC,Data Specialist
2026/03/09 00:53:14 UTC,Project Manager
2026/03/09 00:53:33 UTC,Project Manager
2026/03/09 00:54:13 UTC,Project Manager
2026/03/09 00:55:04 UTC,Project manager
2026/03/09 00:55:22 UTC,Engineering Project Manager
2026/03/09 00:55:37 UTC,Project manager
2026/03/09 00:55:43 UTC,Facilities Project Manager
2026/03/09 00:56:04 UTC,Project Manager
2026/03/09 00:56:57 UTC,Project manager
2026/03/09 00:57:05 UTC,Project manager
2026/03/09 00:57:53 UTC,Project manager
2026/03/09 00:58:07 UTC,Project manager
2026/03/09 00:58:13 UTC,Project Manager
2026/03/09 00:58:54 UTC,Project manager
2026/03/09 00:59:11 UTC,Project manager
2026/03/09 00:59:19 UTC,Project manager
2026/03/09 00:59:33 UTC,Enterprise Project Manager
2026/03/09 01:00:18 UTC,Program Manager
2026/03/09 01:03:20 UTC,Information Technology Specialist
2026/03/09 01:04:10 UTC,Project manager
2026/03/09 01:04:23 UTC,Head of Construction
2026/03/09 01:04:51 UTC,Project Manager
2026/03/09 01:05:31 UTC,Project manager
2026/03/09 01:05:52 UTC,Training Supervisor
2026/03/09 01:06:21 UTC,Project manager
2026/03/09 01:06:29 UTC,Program Manager
2026/03/09 01:38:51 UTC,Network Operations Center Administrator
2026/03/09 01:40:40 UTC,Technical Program Manager
2026/03/09 01:42:06 UTC,Information System Administrator
2026/03/09 01:42:50 UTC,System Administrator
2026/03/09 01:43:49 UTC,Process Manager
2026/03/09 01:44:56 UTC,Network Architect
2026/03/09 01:47:00 UTC,Lead Network Engineer
2026/03/09 01:47:32 UTC,Technical Solutions Architect
2026/03/09 01:48:01 UTC,Data Center Engineer
2026/03/09 01:48:54 UTC,Network Engineer
2026/03/09 01:49:58 UTC,Network Engineer
2026/03/09 01:50:45 UTC,Network Architect
2026/03/09 01:51:58 UTC,Network Architect
2026/03/09 01:52:25 UTC,Information Technology Architect
2026/03/09 01:53:27 UTC,Omaha
2026/03/09 01:53:38 UTC,Project Manager
2026/03/09 01:54:10 UTC,Omaha
2026/03/09 01:54:23 UTC,Information Technology Specialist
2026/03/09 01:55:11 UTC,Omaha
2026/03/09 01:55:32 UTC,Recruitment Consultant
2026/03/09 01:55:56 UTC,Omaha
2026/03/09 01:56:11 UTC,Omaha
2026/03/09 01:56:25 UTC,Omaha
2026/03/09 01:56:39 UTC,Human Resources Specialist
2026/03/09 01:56:54 UTC,Omaha
2026/03/09 01:57:05 UTC,Omaha
2026/03/09 01:57:15 UTC,Omaha
2026/03/09 01:57:43 UTC,General Manager
2026/03/09 01:58:07 UTC,Omaha
2026/03/09 01:58:16 UTC,Information Technology Technician
2026/03/09 01:58:53 UTC,Omaha
2026/03/09 01:59:04 UTC,Head of Retail
2026/03/09 01:59:42 UTC,Owner
2026/03/09 02:00:28 UTC,Omaha
2026/03/09 02:00:42 UTC,Facilities Technician
2026/03/09 02:00:56 UTC,Omaha
2026/03/09 02:01:07 UTC,Heavy Equipment Operator
2026/03/09 02:01:34 UTC,Omaha
2026/03/09 02:01:50 UTC,Omaha
2026/03/09 02:02:01 UTC,Omaha
2026/03/09 02:02:01 UTC,Omaha
2026/03/09 02:02:19 UTC,Omaha
2026/03/09 02:02:31 UTC,Omaha
2026/03/09 02:02:37 UTC,Omaha
2026/03/09 02:02:53 UTC,Omaha
2026/03/09 02:03:00 UTC,Manager
2026/03/09 02:03:33 UTC,Omaha
2026/03/09 02:03:42 UTC,Omaha
2026/03/09 02:03:59 UTC,Omaha
2026/03/09 02:04:11 UTC,Nuclear Medicine Technologist
2026/03/09 02:04:47 UTC,Omaha
2026/03/09 02:04:54 UTC,Project Manager
2026/03/09 02:05:05 UTC,Omaha
2026/03/09 02:05:11 UTC,Omaha
2026/03/09 02:05:23 UTC,Omaha
2026/03/09 02:05:33 UTC,Omaha
2026/03/09 02:05:44 UTC,Omaha
2026/03/09 02:05:49 UTC,Omaha
2026/03/09 02:05:55 UTC,Omaha
2026/03/09 02:06:02 UTC,Omaha
2026/03/09 02:06:08 UTC,Omaha
2026/03/09 02:06:15 UTC,Omaha
2026/03/09 02:15:15 UTC,Omaha
2026/03/09 02:15:23 UTC,Omaha
2026/03/09 02:15:29 UTC,Omaha
2026/03/09 02:28:38 UTC,customer success manager
2026/03/09 02:28:38 UTC,customer success manager
2026/03/09 02:28:51 UTC,Customer Success Manager
2026/03/09 02:30:49 UTC,customer success manager
2026/03/09 02:30:58 UTC,Customer Success Manager
2026/03/09 02:31:41 UTC,Customer Success Manager
2026/03/09 02:32:06 UTC,Customer Success Manager
2026/03/09 02:32:42 UTC,Customer Success Manager
2026/03/09 02:33:39 UTC,Customer Success Manager
2026/03/09 02:34:35 UTC,Customer Success Manager
2026/03/09 02:35:12 UTC,Infrastructure Project Manager
2026/03/09 02:36:17 UTC,Customer Success Manager
2026/03/09 02:37:10 UTC,Customer Success Manager
2026/03/09 02:37:47 UTC,Customer Success Manager
2026/03/09 02:38:10 UTC,customer success manager
2026/03/09 02:38:14 UTC,Customer Success Manager
2026/03/09 02:39:50 UTC,Customer Success Manager
2026/03/09 02:40:20 UTC,customer success manager
2026/03/09 02:40:33 UTC,customer success manager
2026/03/09 02:40:45 UTC,customer success manager
2026/03/09 02:40:55 UTC,Customer Success Manager
2026/03/09 02:41:55 UTC,Customer Success Manager
2026/03/09 02:42:38 UTC,Customer Success Manager
2026/03/09 02:43:15 UTC,customer success manager
2026/03/09 02:43:35 UTC,Senior Network Engineer
2026/03/09 02:44:44 UTC,Technical Manager
2026/03/09 02:46:53 UTC,Technical Manager
2026/03/09 16:34:27 UTC,Telecommunications Manager
2026/03/09 19:15:11 UTC,Customer Success Manager
2026/03/09 19:15:11 UTC,IT Network Manager
2026/03/09 19:15:12 UTC,Unmc
2026/03/09 19:15:12 UTC,Unmc
2026/03/10 01:30:45 UTC,Director of Technology Operations
2026/03/10 01:32:04 UTC,Network Operations Manager
2026/03/10 12:52:08 UTC,creighton university
2026/03/10 12:52:09 UTC,creighton university
2026/03/10 12:52:10 UTC,creighton university
2026/03/10 12:52:18 UTC,creighton university
2026/03/10 12:52:18 UTC,creighton university
2026/03/10 12:52:19 UTC,creighton university
2026/03/10 12:52:39 UTC,creighton university
2026/03/10 12:53:12 UTC,creighton university
2026/03/10 12:53:24 UTC,creighton university
2026/03/10 12:53:29 UTC,creighton university
2026/03/10 12:53:31 UTC,creighton university
2026/03/10 12:53:32 UTC,creighton university
2026/03/10 12:53:44 UTC,creighton university
2026/03/10 12:53:50 UTC,creighton university
2026/03/10 12:53:54 UTC,creighton university
2026/03/10 12:54:08 UTC,Manager Network Engineering
2026/03/10 12:57:19 UTC,Manager Network Engineering
2026/03/10 12:59:32 UTC,Network Engineer
2026/03/10 13:00:09 UTC,Network Operations Manager
2026/03/10 13:00:52 UTC,Network Architect
2026/03/10 13:01:15 UTC,Manager Network Engineering
2026/03/10 13:02:13 UTC,Manager Network Engineering
2026/03/10 13:03:37 UTC,Technical Manager
2026/03/10 13:05:56 UTC,Network Architect
2026/03/10 13:07:31 UTC,Network Architect
2026/03/10 13:08:22 UTC,Manager Network Engineering
2026/03/10 13:08:35 UTC,Senior Network Engineer
2026/03/10 13:09:10 UTC,Managing Director of Operations
2026/03/10 13:09:48 UTC,Network Manager
2026/03/10 13:55:39 UTC,Director of Technology Operations
2026/03/10 19:16:32 UTC,IT Network Manager
2026/03/10 19:16:32 UTC,Nebraska medicine
2026/03/10 19:16:32 UTC,Nebraska medicine
2026/03/10 19:16:32 UTC,Nebraska medicine
2026/03/10 19:16:32 UTC,Nebraska medicine
2026/03/10 19:16:32 UTC,Nebraska medicine
2026/03/10 19:16:32 UTC,Nebraska medicine
2026/03/10 19:16:32 UTC,Senior Network Engineer
2026/03/11 00:36:13 UTC,Manager Network Engineering
2026/03/11 00:36:34 UTC,Information Technology Operations Manager
2026/03/11 20:04:45 UTC,IT Network Manager
2026/03/11 20:04:45 UTC,Senior Network Engineer
2026/03/11 20:04:45 UTC,Unmc
2026/03/11 20:04:46 UTC,Unmc
2026/03/11 23:29:53 UTC,Information Technology Supervisor
2026/03/11 23:30:44 UTC,Project Manager
2026/03/12 03:17:32 UTC,Director Network Services
2026/03/12 19:54:06 UTC,IT Network Manager
2026/03/12 19:54:06 UTC,Nebraska medicine
2026/03/12 19:54:06 UTC,Network Architect
2026/03/12 19:54:07 UTC,Nebraska medicine
2026/03/12 19:54:07 UTC,Nebraska medicine
2026/03/12 19:54:07 UTC,Nebraska medicine
2026/03/12 19:54:07 UTC,Nebraska medicine
2026/03/12 19:54:07 UTC,Nebraska medicine
2026/03/13 20:33:57 UTC,IT Network Manager
2026/03/13 20:33:57 UTC,Manager Network Engineering
2026/03/13 20:33:57 UTC,Nebraska medicine
2026/03/13 20:33:57 UTC,Nebraska medicine
2026/03/13 20:33:57 UTC,Nebraska medicine
2026/03/13 20:33:57 UTC,Nebraska medicine
2026/03/13 20:33:57 UTC,Nebraska medicine
2026/03/13 20:33:57 UTC,Nebraska medicine
2026/03/14 12:24:46 UTC,Project Manager
2026/03/14 18:53:08 UTC,creighton directory network
2026/03/14 19:40:04 UTC,IT Network Manager
2026/03/14 19:40:04 UTC,Manager Network Engineering
2026/03/14 19:40:04 UTC,Nebraska medicine
2026/03/14 19:40:04 UTC,Nebraska medicine
2026/03/14 19:40:04 UTC,Nebraska medicine
2026/03/14 19:40:04 UTC,Nebraska medicine
2026/03/14 19:40:04 UTC,Nebraska medicine
2026/03/14 19:40:04 UTC,Nebraska medicine
2026/03/14 23:05:39 UTC,Network Director
2026/03/14 23:06:11 UTC,Senior Manager Network Engineering
2026/03/14 23:39:08 UTC,Datacenter Manager
2026/03/14 23:41:07 UTC,Engineering Manager
2026/03/15 02:52:18 UTC,Vavereck
2026/03/15 02:52:18 UTC,Vavereck
2026/03/15 02:52:19 UTC,Vavereck
2026/03/15 02:52:20 UTC,Vavereck
2026/03/15 02:52:20 UTC,dave reck
2026/03/15 02:52:43 UTC,Chris vaverek
2026/03/15 02:52:44 UTC,Chris vaverek
2026/03/15 02:52:54 UTC,chris vavrek
2026/03/15 02:52:55 UTC,chris vavrek
2026/03/15 02:53:02 UTC,chris vavrek
2026/03/15 02:53:02 UTC,chris vavrek
2026/03/15 02:53:03 UTC,chris vavrek
2026/03/15 02:53:31 UTC,chris vaverek creighton
2026/03/15 02:53:31 UTC,chris vaverek creighton
2026/03/15 02:53:38 UTC,vaverek creighton
2026/03/15 02:53:39 UTC,vaverek creighton
2026/03/15 02:53:39 UTC,vaverek creighton
2026/03/15 02:53:44 UTC,vaverek creighton
2026/03/15 18:03:48 UTC,Creighton network
2026/03/15 18:03:48 UTC,Creighton network
2026/03/15 18:03:50 UTC,Creighton network
2026/03/15 18:03:57 UTC,Creighton network
2026/03/15 18:03:57 UTC,Creighton network
2026/03/15 18:03:57 UTC,Creighton network
2026/03/15 18:04:12 UTC,Creighton network
2026/03/15 18:04:29 UTC,Creighton network
2026/03/15 18:04:45 UTC,Creighton network
2026/03/15 18:04:55 UTC,Creighton network
2026/03/15 18:04:55 UTC,Creighton network
2026/03/15 18:05:07 UTC,creighton university
2026/03/15 18:05:07 UTC,creighton university
2026/03/15 18:05:08 UTC,creighton university
2026/03/15 18:05:18 UTC,creighton university
2026/03/15 18:05:19 UTC,creighton university
2026/03/15 18:05:19 UTC,creighton university
2026/03/15 18:05:27 UTC,creighton university network
2026/03/15 18:05:27 UTC,creighton university network
2026/03/15 18:05:28 UTC,creighton university network
2026/03/15 18:05:54 UTC,creighton university network
2026/03/15 18:06:04 UTC,creighton university network
2026/03/15 18:06:21 UTC,creighton university network
2026/03/15 18:06:33 UTC,creighton university network
2026/03/15 18:06:35 UTC,creighton university network
2026/03/15 18:08:21 UTC,Creighton univeraity director of network
2026/03/15 18:08:25 UTC,Director Network Services
2026/03/15 18:28:41 UTC,Director Network Services
2026/03/15 19:49:24 UTC,IT Network Manager
2026/03/15 19:49:24 UTC,Omaha
2026/03/15 19:49:24 UTC,Senior Manager Network Engineering
2026/03/15 19:49:25 UTC,Omaha
2026/03/16 20:02:49 UTC,Engineering Manager
2026/03/16 20:02:49 UTC,IT Network Manager
2026/03/16 20:02:49 UTC,creighton directory network
2026/03/17 00:58:59 UTC,Director Network Services
2026/03/17 01:36:40 UTC,Director Network Services
2026/03/17 12:23:49 UTC,Network Manager
2026/03/17 19:11:15 UTC,Engineering Manager
2026/03/17 19:30:33 UTC,Engineering Manager
2026/03/17 19:30:33 UTC,IT Network Manager
2026/03/17 19:30:33 UTC,Omaha
2026/03/17 19:30:33 UTC,Omaha
2026/03/18 19:23:41 UTC,Engineering Manager
2026/03/18 19:23:41 UTC,IT Network Manager
2026/03/18 19:23:41 UTC,Unmc
2026/03/18 19:23:41 UTC,Unmc
2026/03/18 19:25:30 UTC,Engineering Manager
2026/03/19 11:35:14 UTC,Information Technology Manager
2026/03/19 19:55:47 UTC,IT Network Manager
2026/03/19 19:55:47 UTC,Project manager
2026/03/19 19:55:47 UTC,Project manager
2026/03/19 19:55:47 UTC,Project manager
2026/03/19 19:55:47 UTC,Senior Manager Network Engineering
2026/03/19 19:55:48 UTC,Project manager
2026/03/19 19:55:48 UTC,Project manager
2026/03/19 19:55:48 UTC,Project manager
2026/03/20 13:20:09 UTC,Director Network Services
2026/03/20 13:25:00 UTC,creighton directory network
2026/03/20 13:25:12 UTC,Director Network Services
2026/03/20 19:47:14 UTC,Senior Manager Network Engineering
2026/03/20 19:47:15 UTC,IT Network Manager
2026/03/20 19:47:15 UTC,Omaha
2026/03/20 19:47:15 UTC,Omaha
2026/03/20 21:54:48 UTC,creighton university
2026/03/20 21:54:48 UTC,creighton university
2026/03/20 21:54:50 UTC,creighton university
2026/03/20 23:37:13 UTC,Gabe cdw
2026/03/20 23:37:13 UTC,Gabe cdw
2026/03/20 23:37:15 UTC,Gabe cdw
2026/03/20 23:37:34 UTC,Gabe cdw
2026/03/20 23:38:02 UTC,James jensen creighton
2026/03/20 23:38:03 UTC,James jensen creighton
2026/03/20 23:38:43 UTC,Darrick mccowen
2026/03/20 23:38:44 UTC,Darrick mccowen
2026/03/20 23:39:06 UTC,Darrick mccowen Creighton
2026/03/20 23:39:08 UTC,Darrick mccowen Creighton
2026/03/20 23:39:15 UTC,Darrick mccowen Creighton
2026/03/20 23:39:15 UTC,Darrick mccowen Creighton
2026/03/20 23:39:36 UTC,Ryan reich
2026/03/20 23:39:38 UTC,Ryan reich
2026/03/20 23:41:14 UTC,Tim tritsch
2026/03/20 23:41:15 UTC,Tim tritsch
2026/03/20 23:41:19 UTC,Tim tritsch
2026/03/20 23:41:19 UTC,Tim tritsch
2026/03/21 19:19:13 UTC,Information Technology Manager
2026/03/21 20:17:51 UTC,IT Network Manager
2026/03/21 20:17:51 UTC,Omaha
2026/03/21 20:17:51 UTC,Omaha
2026/03/21 20:17:51 UTC,Senior Manager Network Engineering
2026/03/23 03:39:39 UTC,Director Network Services
2026/03/23 21:54:46 UTC,Senior Manager Network Engineering
2026/03/23 21:54:47 UTC,IT Network Manager
2026/03/23 21:54:47 UTC,creighton directory network
2026/03/23 21:54:47 UTC,creighton directory network
2026/03/24 02:34:48 UTC,Darrick mccowen
2026/03/24 02:34:49 UTC,Darrick mccowen
2026/03/24 19:48:59 UTC,IT Network Manager
2026/03/24 19:48:59 UTC,Project manager
2026/03/24 19:48:59 UTC,Project manager
2026/03/24 19:48:59 UTC,Project manager
2026/03/24 19:48:59 UTC,Project manager
2026/03/24 19:48:59 UTC,Project manager
2026/03/24 19:48:59 UTC,Senior Manager Network Engineering
2026/03/24 19:49:00 UTC,Project manager
2026/03/25 19:42:14 UTC,IT Network Manager
2026/03/25 19:42:14 UTC,Senior Manager Network Engineering
2026/03/25 19:42:14 UTC,Unmc
2026/03/25 19:42:15 UTC,Unmc
2026/03/25 19:42:15 UTC,Unmc
2026/03/27 19:46:23 UTC,IT Network Manager
2026/03/27 19:46:23 UTC,Omaha
2026/03/27 19:46:23 UTC,Senior Manager Network Engineering
2026/03/27 19:46:24 UTC,Omaha
2026/03/28 00:52:32 UTC,Senior Network Engineer
2026/03/28 20:01:10 UTC,IT Network Manager
2026/03/28 20:01:10 UTC,Project manager
2026/03/28 20:01:10 UTC,Project manager
2026/03/28 20:01:10 UTC,Project manager
2026/03/28 20:01:10 UTC,Project manager
2026/03/28 20:01:10 UTC,Project manager
2026/03/28 20:01:10 UTC,Project manager
2026/03/28 20:01:10 UTC,Senior Manager Network Engineering
2026/03/29 19:18:45 UTC,IT Network Manager
2026/03/29 19:18:45 UTC,Nebraska medicine
2026/03/29 19:18:45 UTC,Nebraska medicine
2026/03/29 19:18:45 UTC,Nebraska medicine
2026/03/29 19:18:45 UTC,Nebraska medicine
2026/03/29 19:18:45 UTC,Nebraska medicine
2026/03/29 19:18:45 UTC,Nebraska medicine
2026/03/29 19:18:45 UTC,Senior Manager Network Engineering
2026/03/29 19:36:25 UTC,Senior Network Engineer
2026/03/30 19:17:33 UTC,Senior Network Engineer
2026/03/30 19:27:48 UTC,IT Network Manager
2026/03/30 19:27:48 UTC,Nebraska medicine
2026/03/30 19:27:48 UTC,Nebraska medicine
2026/03/30 19:27:48 UTC,Nebraska medicine
2026/03/30 19:27:48 UTC,Nebraska medicine
2026/03/30 19:27:48 UTC,Nebraska medicine
2026/03/30 19:27:48 UTC,Nebraska medicine
2026/03/30 19:27:48 UTC,Senior Manager Network Engineering
2026/03/31 20:00:54 UTC,IT Network Manager
2026/03/31 20:00:54 UTC,Nebraska medicine
2026/03/31 20:00:54 UTC,Nebraska medicine
2026/03/31 20:00:54 UTC,Nebraska medicine
2026/03/31 20:00:54 UTC,Nebraska medicine
2026/03/31 20:00:54 UTC,Nebraska medicine
2026/03/31 20:00:54 UTC,Nebraska medicine
2026/03/31 20:00:54 UTC,Project Manager
2026/03/31 23:44:23 UTC,Bridget bidrowski
2026/03/31 23:44:24 UTC,Bridget bidrowski
2026/03/31 23:44:27 UTC,Bridget bidrowski
2026/03/31 23:44:28 UTC,Bridget bidrowski
2026/04/01 19:43:27 UTC,IT Network Manager
2026/04/01 19:43:27 UTC,Project Manager
2026/04/01 19:43:27 UTC,creighton directory network
2026/04/01 19:43:27 UTC,creighton directory network
2026/04/02 19:16:45 UTC,IT Network Manager
2026/04/02 19:16:45 UTC,Project Manager
2026/04/02 19:16:45 UTC,creighton directory network
2026/04/02 19:16:45 UTC,creighton directory network
2026/04/03 00:59:34 UTC,Senior Network Engineer
2026/04/03 20:54:34 UTC,IT Network Manager
2026/04/03 20:54:34 UTC,Project Manager
2026/04/03 20:54:34 UTC,Unmc
2026/04/03 20:54:34 UTC,Unmc
2026/04/03 20:54:34 UTC,Unmc
2026/04/04 10:50:27 UTC,Director network services
2026/04/04 10:50:27 UTC,Director network services
2026/04/04 11:49:20 UTC,Hdr director pmo
2026/04/04 11:49:20 UTC,Hdr director pmo
2026/04/04 11:49:20 UTC,hr director pmo
2026/04/04 11:49:26 UTC,Hdr director pmo
2026/04/04 11:49:26 UTC,Hdr director pmo
2026/04/04 11:49:26 UTC,Hdr director pmo
2026/04/04 11:49:29 UTC,Hdr director pmo
2026/04/04 15:24:22 UTC,Network Engineer
2026/04/04 15:24:22 UTC,Network Engineer
2026/04/04 15:24:22 UTC,Network Engineer
2026/04/04 15:24:32 UTC,Network Engineer
2026/04/04 15:24:47 UTC,Network Engineer
2026/04/04 15:24:50 UTC,Network Engineer
2026/04/04 15:24:53 UTC,Network Engineer
2026/04/04 15:24:55 UTC,Network Engineer
2026/04/04 15:25:04 UTC,Network Engineer
2026/04/04 15:25:06 UTC,Network Engineer
2026/04/04 15:25:16 UTC,Network Engineer
2026/04/04 15:25:21 UTC,Network Engineer
2026/04/04 15:25:24 UTC,Network Engineer
2026/04/04 15:25:26 UTC,Network Engineer
2026/04/04 15:25:28 UTC,Network Engineer
2026/04/04 17:50:34 UTC,Head Network
2026/04/04 19:37:09 UTC,IT Network Manager
2026/04/04 19:37:09 UTC,Nebraska medicine
2026/04/04 19:37:09 UTC,Nebraska medicine
2026/04/04 19:37:09 UTC,Nebraska medicine
2026/04/04 19:37:09 UTC,Nebraska medicine
2026/04/04 19:37:09 UTC,Nebraska medicine
2026/04/04 19:37:09 UTC,Nebraska medicine
2026/04/04 19:37:09 UTC,Project Manager
2026/04/04 19:56:16 UTC,Senior Network Engineer
2026/04/05 18:31:18 UTC,Senior Network Engineer
2026/04/05 19:17:42 UTC,IT Network Manager
2026/04/05 19:17:42 UTC,Project Manager
2026/04/05 19:17:42 UTC,Project manager
2026/04/05 19:17:42 UTC,Project manager
2026/04/05 19:17:42 UTC,Project manager
2026/04/05 19:17:42 UTC,Project manager
2026/04/05 19:17:42 UTC,Project manager
2026/04/05 19:17:42 UTC,Project manager
2026/04/06 18:51:23 UTC,Senior Network Engineer
2026/04/06 19:42:05 UTC,IT Network Manager
2026/04/06 19:42:05 UTC,Project Manager
2026/04/06 19:42:05 UTC,creighton directory network
2026/04/06 19:42:06 UTC,creighton directory network
2026/04/07 11:10:47 UTC,IT Network Manager
2026/04/07 20:46:56 UTC,IT Network Manager
2026/04/07 20:46:56 UTC,Omaha
2026/04/07 20:46:56 UTC,Omaha
2026/04/07 20:46:56 UTC,Project Manager
2026/04/08 02:35:08 UTC,Adam perry
2026/04/08 02:35:09 UTC,Adam perry
2026/04/08 19:43:46 UTC,IT Network Manager
2026/04/08 19:43:46 UTC,Project Manager
2026/04/08 19:43:46 UTC,Project manager
2026/04/08 19:43:46 UTC,Project manager
2026/04/08 19:43:46 UTC,Project manager
2026/04/08 19:43:46 UTC,Project manager
2026/04/08 19:43:46 UTC,Project manager
2026/04/08 19:43:46 UTC,Project manager
2026/04/09 19:53:47 UTC,IT Network Manager
2026/04/09 19:53:47 UTC,Nebraska medicine
2026/04/09 19:53:47 UTC,Nebraska medicine
2026/04/09 19:53:47 UTC,Nebraska medicine
2026/04/09 19:53:47 UTC,Nebraska medicine
2026/04/09 19:53:47 UTC,Nebraska medicine
2026/04/09 19:53:47 UTC,Nebraska medicine
2026/04/09 19:53:47 UTC,Project Manager
2026/04/10 20:07:00 UTC,IT Network Manager
2026/04/10 20:07:00 UTC,creighton directory network
2026/04/10 20:07:01 UTC,Project Manager, Technology Platforms
2026/04/10 20:07:01 UTC,creighton directory network
2026/04/11 15:18:46 UTC,Senior Network Engineer
2026/04/11 19:49:20 UTC,IT Network Manager
2026/04/11 19:49:20 UTC,Nebraska medicine
2026/04/11 19:49:20 UTC,Nebraska medicine
2026/04/11 19:49:20 UTC,Nebraska medicine
2026/04/11 19:49:20 UTC,Project Manager, Technology Platforms
2026/04/11 19:49:21 UTC,Nebraska medicine
2026/04/11 19:49:21 UTC,Nebraska medicine
2026/04/11 19:49:21 UTC,Nebraska medicine
2026/04/12 19:19:34 UTC,IT Network Manager
2026/04/12 19:19:34 UTC,Nebraska medicine
2026/04/12 19:19:34 UTC,Nebraska medicine
2026/04/12 19:19:34 UTC,Nebraska medicine
2026/04/12 19:19:34 UTC,Nebraska medicine
2026/04/12 19:19:34 UTC,Nebraska medicine
2026/04/12 19:19:34 UTC,Nebraska medicine
2026/04/12 19:19:34 UTC,Project Manager, Technology Platforms
2026/04/13 19:19:39 UTC,IT Network Manager
2026/04/13 19:19:39 UTC,Project Manager, Technology Platforms
2026/04/13 19:19:39 UTC,creighton directory network
2026/04/13 19:19:39 UTC,creighton directory network
2026/04/13 19:51:11 UTC,Senior Network Engineer
2026/04/14 18:43:43 UTC,Senior Network Engineer
2026/04/14 19:16:04 UTC,IT Network Manager
2026/04/14 19:16:04 UTC,Manager, Datacenter Network Engineering
2026/04/14 19:16:04 UTC,Unmc
2026/04/14 19:16:05 UTC,Unmc
2026/04/14 19:16:05 UTC,Unmc
2026/04/15 20:09:19 UTC,IT Network Manager
2026/04/15 20:09:19 UTC,Manager, Datacenter Network Engineering
2026/04/15 20:09:19 UTC,Unmc
2026/04/15 20:09:19 UTC,Unmc
2026/04/15 20:09:20 UTC,Unmc
2026/04/16 19:58:42 UTC,IT Network Manager
2026/04/16 19:58:42 UTC,Project manager
2026/04/16 19:58:42 UTC,Project manager
2026/04/16 19:58:42 UTC,Project manager
2026/04/16 19:58:42 UTC,Project manager
2026/04/16 19:58:42 UTC,Project manager
2026/04/16 19:58:42 UTC,Project manager
2026/04/16 19:58:42 UTC,Sr Manager, Engineering - Platform Engineering - Ingest & Network Data
2026/04/17 20:10:57 UTC,IT Network Manager
2026/04/17 20:10:57 UTC,Manager, Datacenter Network Engineering
2026/04/17 20:10:57 UTC,Omaha
2026/04/17 20:10:57 UTC,Omaha
2026/04/18 22:52:42 UTC,IT Network Manager
2026/04/18 22:52:42 UTC,Sr Manager, Engineering - Platform Engineering - Ingest & Network Data
2026/04/18 22:52:42 UTC,creighton directory network
2026/04/18 22:52:42 UTC,creighton directory network
2026/04/19 19:50:18 UTC,IT Network Manager
2026/04/19 19:50:18 UTC,Manager, Datacenter Network Engineering
2026/04/20 17:31:17 UTC,heartland business systems
2026/04/20 17:31:17 UTC,heartland business systems
2026/04/20 17:31:19 UTC,heartland business systems
2026/04/20 19:39:22 UTC,Director of Network Services
2026/04/21 20:00:40 UTC,Director of Network Services
2026/04/22 23:39:31 UTC,Director of Network Services
2026/04/23 19:54:20 UTC,Director of Network Services
2026/04/24 20:12:44 UTC,Director of Network Services
2026/04/25 15:17:59 UTC,tim tritsch
2026/04/25 15:18:00 UTC,tim tritsch
2026/04/25 15:18:53 UTC,ryan reich
2026/04/25 15:18:55 UTC,ryan reich
2026/04/25 15:19:48 UTC,James jensen creighton
2026/04/25 15:19:50 UTC,James jensen creighton
2026/04/25 15:19:58 UTC,Darrick mccowen Creighton
2026/04/25 15:19:58 UTC,Darrick mccowen Creighton
2026/04/25 15:19:59 UTC,Darrick mccowen Creighton
2026/04/25 15:20:00 UTC,Darrick mccowen Creighton
2026/04/25 15:20:01 UTC,Darrick mccowen Creighton
2026/04/25 15:20:01 UTC,Darrick mccowen Creighton
2026/04/25 15:20:02 UTC,Darrick mccowen Creighton
2026/04/25 15:20:03 UTC,Darrick mccowen Creighton
2026/04/25 15:20:04 UTC,Darrick mccowen Creighton
2026/04/25 15:20:04 UTC,Darrick mccowen Creighton
2026/04/25 15:20:09 UTC,Darrick mccowen
2026/04/25 15:20:09 UTC,Darrick mccowen
2026/04/25 15:20:12 UTC,Darrick mccowen
2026/04/25 15:20:13 UTC,Darrick mccowen
2026/04/25 15:20:13 UTC,Darrick mccowen
2026/04/25 15:20:13 UTC,Darrick mccowen
2026/04/25 15:20:22 UTC,Darrick mccowen Creighton
2026/04/25 15:20:23 UTC,Darrick mccowen Creighton
2026/04/25 15:20:24 UTC,Darrick mccowen Creighton
2026/04/25 22:08:46 UTC,Director of Network Services
2026/04/26 19:37:03 UTC,Director of Network Services
2026/04/27 19:34:14 UTC,Director of Network Services
2026/04/28 19:37:59 UTC,Director of Network Services
2026/04/28 19:47:56 UTC,quenten
2026/04/28 19:47:56 UTC,quinten
2026/04/28 19:47:57 UTC,quenten
2026/04/29 20:02:41 UTC,Director of Network Services
2026/04/30 14:30:36 UTC,darrick mccowen
2026/04/30 19:34:13 UTC,Director of Network Services
2026/05/01 19:30:30 UTC,Director of Network Services
2026/05/02 19:50:53 UTC,Director of Network Services
2026/05/03 01:30:51 UTC,Security Team Lead
2026/05/03 01:31:21 UTC,hdr
2026/05/03 01:31:21 UTC,hdr
2026/05/03 01:31:24 UTC,hdr
2026/05/03 01:31:29 UTC,hdr
2026/05/03 01:31:36 UTC,hdr
2026/05/03 01:31:41 UTC,hdr
2026/05/03 01:31:51 UTC,hdr
2026/05/03 01:31:51 UTC,hdr
2026/05/03 01:31:55 UTC,hdr
2026/05/03 01:32:01 UTC,hdr
2026/05/03 01:32:06 UTC,hdr
2026/05/03 01:32:11 UTC,hdr
2026/05/03 01:32:16 UTC,hdr
2026/05/03 01:32:23 UTC,hdr
2026/05/03 01:32:28 UTC,hdr
2026/05/03 01:32:33 UTC,hdr
2026/05/03 01:32:41 UTC,hdr
2026/05/03 19:35:58 UTC,Director of Network Services
2026/05/04 11:52:06 UTC,Georgia tech network
2026/05/04 11:52:06 UTC,Georgia tech network
2026/05/04 11:52:07 UTC,Georgia tech network
2026/05/04 11:52:15 UTC,Georgia tech network
2026/05/04 11:52:16 UTC,Georgia tech network
2026/05/04 11:52:16 UTC,Georgia tech network
2026/05/04 11:52:20 UTC,Georgia tech network
2026/05/04 11:52:25 UTC,Georgia tech network
2026/05/04 11:52:30 UTC,Georgia tech network
2026/05/04 11:52:33 UTC,Georgia tech network
2026/05/04 19:05:57 UTC,ICT Security Team Lead
2026/05/04 19:19:59 UTC,Director of Network Services
2026/05/05 14:22:00 UTC,teksystems
2026/05/05 14:22:01 UTC,teksystems
2026/05/05 14:22:03 UTC,teksystems
2026/05/05 14:22:52 UTC,teksystems
2026/05/05 14:22:53 UTC,teksystems
2026/05/05 14:22:53 UTC,teksystems
2026/05/05 14:22:55 UTC,teksystems
2026/05/05 14:22:57 UTC,teksystems
2026/05/05 14:22:59 UTC,teksystems
2026/05/05 16:19:15 UTC,Jayme at&t
2026/05/05 16:19:15 UTC,Jayme at&t
2026/05/05 18:20:00 UTC,ICT Security Team Lead
2026/05/05 19:43:27 UTC,Director of Network Services
2026/05/06 11:15:02 UTC,Head of Network Operations
2026/05/06 20:35:21 UTC,Director of Network Services
2026/05/06 20:35:21 UTC,Sr Manager, Engineering - Platform Engineering - Ingest & Network Data
2026/05/07 19:53:16 UTC,Director of Network Services
2026/05/07 19:53:16 UTC,Sr Manager, Engineering - Platform Engineering - Ingest & Network Data
2026/05/09 00:44:32 UTC,Director of Network Services
2026/05/09 00:44:32 UTC,Sr Manager, Engineering - Platform Engineering - Ingest & Network Data
2026/05/10 03:11:10 UTC,Director of Network Services
2026/05/10 03:11:10 UTC,Sr Manager, Engineering - Platform Engineering - Ingest & Network Data
2026/05/11 01:37:05 UTC,Director of Network Services
2026/05/11 01:37:05 UTC,Sr Manager, Engineering - Platform Engineering - Ingest & Network Data
2026/05/11 23:43:16 UTC,Director of Network Services
2026/05/11 23:43:16 UTC,Sr Manager, Engineering - Platform Engineering - Ingest & Network Data
2026/05/12 19:49:31 UTC,Director of Network Services
2026/05/12 19:49:31 UTC,Sr Manager, Engineering - Platform Engineering - Ingest & Network Data
2026/05/13 00:31:07 UTC,Berend
2026/05/13 00:31:08 UTC,Berend
2026/05/13 13:32:09 UTC,creighton university
2026/05/13 13:32:10 UTC,creighton university
2026/05/13 13:32:11 UTC,creighton university
2026/05/13 13:32:12 UTC,creighton university
2026/05/13 13:32:12 UTC,creighton university
2026/05/13 13:32:29 UTC,hdr
2026/05/13 13:32:29 UTC,hdr
2026/05/13 13:33:31 UTC,director of av creighton
2026/05/13 13:33:31 UTC,director of av creighton
2026/05/13 13:33:32 UTC,Director of Network Services
2026/05/13 13:33:32 UTC,director of av creighton
2026/05/13 13:33:32 UTC,director of av creighton
2026/05/13 13:33:37 UTC,director of av creighton
2026/05/13 19:59:16 UTC,Director of Network Services
2026/05/14 19:19:22 UTC,Director of Network Services
2026/05/15 19:35:36 UTC,Director of Network Services
2026/05/16 00:42:29 UTC,Creighton University
2026/05/16 00:42:29 UTC,Creighton University
2026/05/16 00:42:30 UTC,Creighton University
2026/05/16 00:42:31 UTC,Creighton University
2026/05/16 00:42:31 UTC,Creighton University
2026/05/16 00:42:41 UTC,Network Engineer
2026/05/16 01:00:56 UTC,Network Engineer
2026/05/16 11:47:58 UTC,georgia tech network
2026/05/16 11:47:58 UTC,georgia tech network
2026/05/16 11:47:59 UTC,georgia tech network
2026/05/16 11:48:00 UTC,georgia tech network
2026/05/16 11:48:00 UTC,georgia tech network
2026/05/16 11:48:07 UTC,georgia tech network
2026/05/16 11:48:07 UTC,georgia tech network
2026/05/16 11:48:07 UTC,georgia tech network
2026/05/16 11:48:13 UTC,georgia tech network
2026/05/16 11:48:18 UTC,georgia tech network
2026/05/16 11:48:21 UTC,georgia tech network
2026/05/16 11:48:25 UTC,georgia tech network
2026/05/16 17:34:41 UTC,Enterprise Network Engineer
2026/05/16 19:35:59 UTC,Director of Network Services
2026/05/16 19:36:00 UTC,Enterprise Network Engineer
2026/05/17 19:34:16 UTC,Director of Network Services
2026/05/17 19:34:16 UTC,Enterprise Network Engineer
2026/05/18 15:28:25 UTC,(NE)Nug
2026/05/18 15:28:25 UTC,(NE)Nug
2026/05/18 19:34:57 UTC,Enterprise Network Engineer
2026/05/18 19:50:42 UTC,Director of Network Services
2026/05/18 19:50:42 UTC,Enterprise Network Engineer
2026/05/19 18:11:24 UTC,Enterprise Network Engineer
2026/05/19 19:51:41 UTC,Director of Network Services
2026/05/19 19:51:41 UTC,Enterprise Network Engineer
2026/05/19 20:30:50 UTC,jayme at&t
2026/05/19 20:30:50 UTC,jayme at&t
2026/05/19 20:30:57 UTC,jayme smay
2026/05/19 20:30:59 UTC,jayme smay
2026/05/19 20:30:59 UTC,jayme smay
2026/05/19 20:31:00 UTC,jayme smay
2026/05/19 20:31:01 UTC,jayme smay
2026/05/19 20:31:26 UTC,jaymie at&t
2026/05/19 20:31:26 UTC,jaymie at&t
2026/05/19 20:31:28 UTC,jaymie at&t
2026/05/19 20:31:28 UTC,jaymie at&t
2026/05/20 20:45:28 UTC,Director of Network Services
2026/05/20 20:45:28 UTC,Enterprise Network Engineer
2026/05/21 18:15:19 UTC,System Administrator
2026/05/21 19:32:44 UTC,Director of Network Services
2026/05/21 19:32:44 UTC,Enterprise Network Engineer
2026/05/22 20:51:10 UTC,Director of Network Services
2026/05/22 20:51:10 UTC,Enterprise Network Engineer
2026/05/23 19:29:36 UTC,Director of Network Services
2026/05/23 19:29:36 UTC,Enterprise Network Engineer
2026/05/23 20:09:21 UTC,Systems Administrator
2026/05/24 00:48:40 UTC,Lead Network Engineer
2026/05/24 01:49:50 UTC,Lead Network Engineer
2026/05/24 19:48:23 UTC,Director of Network Services
2026/05/24 19:48:23 UTC,Network Engineer Lead
2026/05/24 19:54:10 UTC,Systems Administrator
2026/05/24 22:11:30 UTC,Lead Network Engineer
2026/05/25 19:16:19 UTC,Director of Network Services
2026/05/25 19:16:19 UTC,Enterprise Network Engineer
2026/05/26 19:39:50 UTC,Director of Network Services
2026/05/26 19:39:50 UTC,Enterprise Network Engineer
2026/05/27 18:39:27 UTC,Network Engineer Lead
2026/05/27 19:50:54 UTC,Director of Network Services
2026/05/27 19:50:54 UTC,Enterprise Network Engineer
2026/05/27 20:32:40 UTC,creighton university
2026/05/27 20:32:41 UTC,creighton university
2026/05/27 20:32:56 UTC,creighton university
2026/05/27 20:32:56 UTC,creighton university
2026/05/28 19:15:50 UTC,Network Engineer Lead
2026/05/28 19:55:17 UTC,Director of Network Services
2026/05/28 19:55:17 UTC,Enterprise Network Engineer
2026/05/29 19:49:24 UTC,Director of Network Services
2026/05/29 19:49:24 UTC,Enterprise Network Engineer
2026/05/30 20:27:25 UTC,Director of Network Services
2026/05/30 20:27:26 UTC,Enterprise Network Engineer
